NUM_CARTON	C1F1	C1F2	C1F3	C2F1	C2F2	C2F3	C3F1	C3F2	C3F3	C4F1	C4F2	C4F3	C5F1	C5F2	C5F3	C6F1	C6F2	C6F3	C7F1	C7F2	C7F3	C8F1	C8F2	C8F3	C9F1	C9F2	C9F3	
1	7	8	*	11	*	*	22	*	28	33	36	*	*	45	*	*	*	55	60	*	63	*	70	72	*	84	86	
2	4	*	9	12	19	*	23	*	*	34	*	37	*	43	*	*	51	52	62	68	*	*	*	74	*	82	89	
3	5	*	6	16	*	*	21	29	*	*	*	39	41	48	*	*	50	58	61	64	*	*	77	78	*	*	88	
4	3	*	*	13	18	*	20	*	27	35	38	*	*	40	49	*	*	56	69	*	*	*	71	73	*	80	81	
5	*	2	*	10	15	*	25	*	26	30	*	*	46	47	*	*	53	59	*	*	65	76	*	79	*	83	90	
6	*	*	1	14	17	*	24	*	*	31	*	32	42	44	*	*	54	57	66	67	*	*	*	75	*	85	87	
7	*	3	4	16	18	*	26	*	*	*	*	33	45	48	*	51	58	*	*	*	64	73	*	75	*	81	85	
8	*	2	9	19	*	*	25	28	*	38	*	39	41	*	*	*	53	54	67	69	*	*	*	74	*	80	87	
9	6	*	8	17	*	*	22	29	*	*	*	34	40	44	*	*	55	56	65	68	*	*	*	71	*	82	88	
10	*	*	1	10	11	*	24	27	*	30	*	36	43	49	*	*	59	*	*	*	62	72	*	78	*	89	90	
11	5	*	*	13	15	*	21	*	23	35	37	*	*	47	*	*	52	57	60	*	63	*	70	79	*	*	84	
12	*	7	*	12	14	*	*	*	20	31	32	*	42	46	*	*	*	50	61	*	66	*	76	77	83	*	86	
13	*	5	7	13	*	*	24	25	*	32	*	33	40	*	*	*	53	57	64	*	*	*	70	73	*	87	88	
14	4	*	6	18	*	*	21	26	*	34	*	37	*	45	49	*	51	*	69	*	*	*	71	78	*	82	89	
15	*	*	2	10	12	*	20	28	*	*	*	36	42	43	*	55	56	*	61	*	63	*	*	77	*	80	84	
16	9	*	*	11	14	*	22	*	27	35	39	*	*	44	*	*	50	52	60	*	67	*	*	76	*	83	85	
17	*	1	*	16	17	*	*	*	29	30	38	*	41	48	*	54	*	58	66	*	68	*	75	79	*	*	90	
18	*	3	8	15	19	*	23	*	*	*	*	31	46	47	*	59	*	*	62	*	65	*	72	74	*	81	86	
19	*	4	6	19	*	*	28	29	*	*	*	38	40	48	*	58	59	*	*	*	63	73	*	75	*	84	88	
20	*	2	3	15	*	*	20	24	*	34	*	39	41	*	*	*	52	56	68	69	*	*	*	77	*	80	85	
21	*	*	8	10	12	*	22	23	*	*	*	36	44	45	*	50	54	*	*	*	65	71	*	72	*	83	87	
22	9	*	*	16	17	*	*	*	21	31	35	*	42	46	*	*	*	55	60	*	67	*	70	76	*	89	90	
23	*	*	5	13	14	*	25	26	*	32	*	37	43	49	*	*	53	*	62	*	64	*	*	79	*	81	82	
24	1	7	*	11	18	*	*	*	27	30	33	*	47	*	*	*	51	57	61	*	66	*	74	78	*	*	86	
25	*	4	6	16	*	*	20	25	*	32	*	36	41	49	*	*	50	*	*	*	61	72	*	79	*	83	86	
26	*	5	*	10	13	*	22	*	24	35	*	*	45	46	*	*	52	55	*	*	62	73	*	76	*	80	90	
27	*	8	*	11	14	*	21	*	26	37	39	*	42	*	*	*	51	53	64	*	67	*	*	77	*	84	85	
28	1	*	7	15	*	*	*	29	*	31	*	33	40	47	*	*	57	58	60	65	*	*	70	75	*	*	88	
29	2	9	*	18	19	*	*	*	23	30	34	*	48	*	*	*	*	54	*	63	68	71	*	78	*	87	89	
30	3	*	*	12	17	*	27	*	28	38	*	*	*	43	44	*	56	59	66	69	*	*	*	74	*	81	82	
31	*	2	3	16	*	*	27	29	*	*	*	39	43	47	*	52	56	*	*	*	63	71	*	74	*	80	86	
32	1	*	*	15	19	*	20	*	24	36	38	*	*	41	*	*	*	54	60	*	66	*	70	76	*	83	87	
33	*	*	9	12	17	*	21	26	*	35	*	37	48	49	*	*	57	*	*	*	69	72	*	75	*	84	90	
34	*	5	8	13	18	*	25	*	*	32	*	33	*	45	*	55	58	*	61	*	68	*	*	77	*	81	88	
35	6	*	7	10	*	*	22	23	*	*	*	30	40	44	*	*	51	53	64	65	*	*	78	79	*	*	82	
36	*	4	*	11	14	*	*	*	28	31	34	*	42	46	*	50	*	59	*	62	67	*	*	73	85	*	89	
37	4	*	5	18	*	*	*	29	*	30	*	31	40	45	*	*	50	57	61	69	*	*	*	77	*	86	90	
38	*	2	8	11	*	*	22	23	*	*	*	36	43	44	*	53	59	*	*	*	65	70	*	73	*	81	85	
39	9	*	*	14	16	*	26	*	27	37	*	*	*	42	46	*	52	55	60	68	*	*	*	79	*	83	84	
40	*	*	7	10	19	*	21	24	*	35	*	38	47	*	*	*	54	58	63	67	*	*	72	76	*	*	82	
41	1	*	6	12	17	*	28	*	*	32	*	33	*	41	*	*	56	*	62	*	66	*	75	78	*	80	89	
42	*	*	3	13	15	*	20	25	*	34	*	39	48	49	*	*	51	*	*	*	64	71	*	74	*	87	88	
43	4	9	*	18	*	*	*	*	28	33	36	*	42	43	*	*	52	53	65	*	67	*	70	78	*	*	82	
44	6	*	*	12	15	*	21	*	24	32	38	*	*	47	49	*	*	50	61	*	*	*	76	79	*	80	87	
45	*	3	*	10	11	*	22	*	27	37	39	*	40	*	*	*	*	51	*	60	62	73	*	74	*	88	90	
46	5	*	7	14	17	*	20	*	*	*	*	35	41	45	*	*	56	57	66	69	*	*	*	71	*	83	86	
47	1	8	*	13	*	*	23	*	25	31	34	*	*	*	48	*	55	58	64	*	*	*	72	75	*	84	85	
48	*	*	2	16	19	*	26	29	*	*	*	30	44	46	*	54	59	*	63	*	68	*	*	77	*	81	89	
49	*	*	2	14	15	*	20	24	*	34	*	39	48	*	*	*	56	59	64	68	*	*	*	73	*	80	86	
50	*	4	7	18	*	*	25	29	*	32	*	35	46	*	*	*	53	58	63	*	*	*	72	77	*	89	90	
51	*	5	8	16	*	*	22	26	*	*	*	30	42	45	*	52	55	*	61	*	69	*	71	79	*	*	85	
52	*	1	*	11	19	*	*	*	23	31	37	*	44	49	*	*	*	57	60	*	66	*	74	76	87	*	88	
53	3	*	6	10	17	*	28	*	*	*	*	33	40	43	*	*	51	54	62	67	*	*	*	70	*	82	84	
54	*	9	*	12	13	*	21	*	27	36	38	*	41	*	47	*	50	*	*	*	65	75	*	78	*	81	83	
55	*	8	*	11	18	*	23	*	28	37	*	*	43	45	*	*	52	57	62	*	68	*	*	73	*	81	82	
56	5	*	9	17	*	*	*	20	*	30	*	33	42	46	*	*	51	*	60	*	66	*	74	76	*	84	85	
57	4	*	*	13	14	*	25	*	29	35	36	*	*	41	*	*	53	56	65	*	69	*	*	75	*	83	88	
58	1	7	*	15	*	*	21	*	22	38	39	*	*	47	*	*	55	59	63	*	64	*	70	77	*	*	87	
59	3	*	*	12	16	*	26	*	27	31	*	*	*	40	44	*	50	54	67	*	*	*	71	79	*	89	90	
60	*	2	6	10	19	*	24	*	*	32	*	34	48	49	*	*	58	*	*	*	61	72	*	78	*	80	86	
61	6	*	*	13	14	*	24	*	27	32	*	*	*	41	45	*	50	56	69	*	*	*	72	73	*	80	86	
62	9	*	*	11	19	*	23	*	28	33	37	*	*	40	*	*	52	59	66	*	67	*	*	75	*	89	90	
63	2	*	*	10	12	*	22	*	26	30	35	*	*	43	49	*	*	53	64	*	*	*	71	74	*	84	85	
64	1	*	8	15	17	*	29	*	*	*	*	34	44	46	*	*	55	58	63	68	*	*	*	70	*	82	83	
65	*	3	7	18	*	*	20	21	*	36	*	39	42	*	*	*	54	57	62	65	*	*	78	79	*	*	87	
66	*	4	5	16	*	*	25	*	*	*	31	38	47	48	*	51	*	*	60	*	61	*	76	77	*	81	88	
67	*	6	*	12	16	*	*	*	24	30	39	*	42	48	*	*	*	52	61	*	64	*	74	79	80	*	82	
68	5	*	9	17	*	*	23	27	*	*	*	32	40	43	*	*	54	55	68	69	*	*	71	76	*	*	83	
69	*	1	*	15	18	*	22	*	28	34	36	*	45	*	49	*	51	*	*	*	63	70	*	72	*	81	89	
70	3	*	*	13	14	*	20	*	25	35	38	*	*	44	*	*	50	59	65	*	66	*	*	73	*	85	90	
71	2	*	4	10	*	*	21	26	*	*	*	31	41	47	*	*	53	56	67	*	*	*	75	78	*	84	86	
72	7	*	8	11	19	*	29	*	*	33	*	37	*	46	*	*	57	58	60	62	*	*	*	77	*	87	88	
73	*	*	7	12	13	*	26	*	*	31	*	34	45	46	*	*	56	58	64	68	*	*	*	77	*	89	90	
74	*	5	9	11	18	*	28	*	*	*	*	30	41	43	*	53	*	*	60	*	61	*	73	74	*	86	87	
75	3	4	*	19	*	*	22	*	29	*	38	*	42	44	*	*	55	59	*	*	65	72	*	76	*	85	88	
76	2	*	*	15	17	*	23	*	27	33	39	*	*	*	40	*	52	54	69	*	*	*	70	78	*	80	82	
77	*	*	1	14	16	*	20	21	*	35	*	36	48	*	*	*	50	57	62	67	*	*	*	71	*	81	83	
78	*	6	8	10	*	*	24	25	*	32	*	37	47	49	*	*	51	*	63	*	66	*	75	79	*	*	84	
79	2	*	8	14	*	*	*	22	*	30	*	34	41	43	*	*	56	*	61	*	68	*	75	79	*	80	90	
80	*	*	1	10	17	*	25	27	*	35	*	37	46	*	*	*	51	57	60	65	*	*	*	74	*	86	88	
81	*	4	7	16	19	*	20	*	*	*	*	33	42	44	*	52	53	*	*	*	62	73	*	76	*	84	85	
82	*	5	9	15	*	*	21	26	*	32	*	39	40	*	*	*	54	59	64	66	*	*	*	78	*	83	89	
83	*	*	6	13	18	*	23	24	*	31	*	36	47	49	*	*	50	*	63	*	67	*	71	77	*	*	82	
84	3	*	*	11	12	*	28	*	29	38	*	*	*	45	48	*	55	58	69	*	*	*	70	72	*	81	87	
85	*	7	8	14	19	*	22	*	*	*	*	33	42	46	*	58	*	*	61	*	64	*	70	71	*	86	88	
86	*	*	9	16	18	*	27	29	*	30	*	37	47	49	*	*	50	*	67	*	69	*	76	79	*	*	82	
87	1	*	*	15	17	*	20	*	21	34	35	*	*	43	*	*	53	57	60	*	63	*	*	78	*	84	89	
88	3	5	*	12	*	*	24	*	25	*	31	*	40	44	*	*	54	56	*	*	66	72	*	75	*	87	90	
89	2	*	*	10	11	*	*	*	23	32	36	*	41	48	*	*	51	52	65	*	68	*	*	74	*	83	85	
90	4	6	*	13	*	*	26	*	28	38	39	*	*	*	45	*	55	59	62	*	*	*	73	77	*	80	81	
91	*	2	8	13	19	*	27	*	*	*	*	36	46	48	*	50	51	*	66	*	67	*	77	79	*	*	82	
92	*	7	*	12	18	*	20	*	29	35	37	*	44	*	49	*	56	*	65	*	68	*	*	72	*	85	89	
93	6	*	9	10	*	*	24	25	*	34	*	39	*	40	*	*	53	54	60	*	*	*	74	76	*	80	88	
94	*	*	4	15	16	*	21	22	*	31	*	38	45	*	*	*	58	59	64	69	*	*	*	73	*	83	84	
95	*	1	5	11	*	*	23	28	*	*	*	32	43	47	*	55	*	*	61	*	63	*	71	78	*	86	87	
96	*	*	3	14	17	*	26	*	*	30	*	33	41	42	*	*	52	57	62	*	*	*	70	75	*	81	90	
97	1	*	7	19	*	*	21	22	*	30	*	36	*	40	49	*	56	*	66	69	*	*	*	74	*	85	86	
98	6	*	8	12	*	*	23	26	*	31	*	39	*	48	*	*	52	55	62	63	*	*	*	77	*	87	88	
99	*	3	5	11	18	*	20	*	*	*	*	38	43	45	*	57	58	*	61	*	65	*	72	79	*	*	89	
100	*	*	2	10	15	*	24	29	*	33	*	37	47	*	*	*	50	51	67	*	*	*	71	78	*	82	90	
101	9	*	*	14	16	*	25	*	27	34	*	*	*	42	46	*	53	54	68	*	*	*	70	73	*	80	84	
102	*	*	4	13	17	*	28	*	*	32	*	35	41	44	*	*	59	*	60	*	64	*	75	76	*	81	83	
103	*	2	9	10	18	*	23	*	*	*	*	31	45	46	*	57	58	*	*	*	65	73	*	77	*	80	86	
104	*	*	4	17	19	*	27	28	*	33	*	39	48	*	*	*	56	*	60	*	66	*	76	78	*	89	90	
105	*	*	6	12	13	*	20	26	*	36	*	37	42	*	*	*	50	55	61	69	*	*	*	75	*	87	88	
106	*	1	*	11	15	*	*	*	21	30	35	*	40	41	*	51	*	54	64	*	68	*	72	79	*	*	83	
107	5	7	*	16	*	*	24	*	25	*	32	*	43	44	*	*	53	59	62	*	63	*	*	70	*	82	84	
108	3	*	8	14	*	*	22	29	*	34	*	38	*	47	49	*	52	*	67	*	*	*	71	74	*	81	85	
109	3	*	*	10	13	*	20	*	25	37	38	*	*	44	*	*	*	52	60	*	62	*	72	74	*	84	86	
110	*	1	4	12	*	*	21	29	*	31	*	36	46	48	*	*	57	*	66	*	69	*	73	79	*	*	81	
111	*	*	9	17	18	*	22	23	*	*	*	34	41	45	*	53	59	*	65	*	67	*	*	77	*	82	83	
112	6	*	*	11	15	*	*	*	24	30	33	*	42	43	*	*	54	56	63	*	64	*	*	70	*	80	90	
113	5	*	7	14	*	*	26	28	*	32	*	35	*	40	*	*	50	51	61	*	*	*	71	75	*	87	89	
114	2	8	*	16	19	*	*	*	27	39	*	*	47	49	*	*	55	58	*	*	68	76	*	78	*	85	88	
115	9	*	*	11	13	*	23	*	29	35	*	*	*	42	48	*	50	52	68	*	*	*	72	76	*	81	85	
116	5	6	*	18	*	*	21	*	24	*	34	*	41	49	*	*	51	54	*	*	64	71	*	73	*	80	89	
117	*	*	8	12	14	*	20	*	*	30	*	39	40	47	*	*	53	58	62	65	*	*	70	77	*	*	87	
118	*	3	*	10	15	*	27	*	28	31	32	*	43	*	*	*	*	55	*	60	69	74	*	79	*	86	90	
119	*	1	4	17	19	*	25	*	*	36	*	38	44	46	*	*	59	*	61	*	67	*	*	78	*	84	88	
120	2	*	7	16	*	*	22	26	*	33	*	37	*	45	*	*	56	57	63	66	*	*	*	75	*	82	83	
121	2	*	*	11	13	*	21	*	25	36	38	*	*	44	*	*	*	53	61	*	69	*	73	77	*	85	88	
122	7	*	*	14	15	*	23	*	29	33	39	*	*	40	*	*	56	57	63	*	66	*	*	75	*	83	89	
123	*	5	8	16	*	*	20	28	*	34	*	37	48	49	*	*	51	*	67	*	68	*	74	78	*	*	90	
124	1	3	*	10	*	*	24	*	26	*	32	*	42	45	*	*	50	59	*	*	64	70	*	76	*	81	82	
125	*	*	4	17	18	*	27	*	*	30	*	31	43	46	*	*	52	55	65	*	*	*	72	79	*	80	87	
126	*	6	9	12	19	*	22	*	*	*	*	35	41	47	*	54	58	*	60	*	62	*	*	71	*	84	86	
127	9	*	*	10	18	*	21	*	27	34	37	*	*	41	46	*	53	*	64	*	67	*	*	78	*	81	84	
128	3	*	6	11	*	*	*	23	*	31	*	33	40	42	*	*	51	52	61	66	*	*	73	77	*	*	85	
129	*	5	*	12	16	*	24	*	26	38	*	*	43	49	*	*	50	57	*	*	63	71	*	76	*	80	87	
130	1	4	*	13	*	*	20	*	25	32	36	*	*	45	*	*	54	59	62	*	68	*	*	75	*	88	89	
131	2	7	*	15	19	*	*	*	28	30	*	*	44	47	*	*	55	56	*	*	65	74	*	79	*	82	83	
132	8	*	*	14	17	*	22	*	29	35	39	*	*	48	*	*	*	58	60	*	69	*	70	72	*	86	90	
133	*	*	2	14	18	*	27	28	*	*	*	30	40	41	*	55	57	*	62	*	69	*	*	70	*	85	90	
134	1	4	*	19	*	*	23	*	26	35	38	*	*	*	46	*	52	53	64	*	*	*	77	78	*	87	89	
135	*	3	*	12	15	*	20	*	22	36	37	*	47	*	*	*	51	58	61	*	67	*	75	79	*	*	80	
136	*	6	8	13	17	*	21	*	*	31	*	39	45	48	*	*	54	*	63	*	66	*	*	72	*	82	88	
137	9	*	*	10	11	*	25	*	29	33	*	*	*	42	44	*	56	*	60	*	68	*	71	73	*	83	84	
138	5	*	7	16	*	*	*	24	*	32	*	34	43	49	*	*	50	59	65	*	*	*	74	76	*	81	86	
139	2	6	*	14	*	*	22	*	28	*	31	*	40	41	*	*	*	54	62	*	65	*	70	76	*	81	88	
140	*	3	7	13	19	*	27	*	*	36	*	38	*	49	*	55	56	*	*	*	68	73	*	74	*	80	86	
141	*	1	*	12	17	*	*	*	23	33	34	*	43	46	*	51	*	57	*	60	67	*	*	79	84	*	89	
142	*	8	*	10	18	*	25	*	26	30	39	*	44	48	*	*	*	58	63	*	66	*	75	78	*	*	90	
143	*	*	4	11	16	*	20	24	*	*	*	32	45	47	*	53	59	*	64	*	69	*	*	71	*	83	85	
144	*	5	9	15	*	*	21	29	*	35	*	37	42	*	*	*	50	52	61	*	*	*	72	77	*	82	87	
145	3	*	7	10	*	*	23	29	*	31	*	38	*	48	*	*	56	*	60	*	61	*	73	78	*	81	87	
146	1	*	2	12	18	*	26	*	*	*	*	35	41	49	*	*	54	59	67	69	*	*	*	71	*	84	89	
147	8	*	*	14	15	*	*	*	24	30	32	*	43	46	*	*	51	53	*	*	65	70	*	76	*	83	85	
148	5	*	*	16	17	*	20	*	21	34	39	*	*	47	*	*	50	57	62	*	64	*	*	75	*	88	90	
149	*	6	*	11	19	*	22	*	27	37	*	*	40	45	*	*	52	58	63	*	66	*	77	79	*	*	80	
150	4	9	*	13	*	*	25	*	28	33	36	*	*	42	44	*	*	55	68	*	*	*	72	74	*	82	86	
151	5	*	*	13	15	*	*	*	23	31	33	*	40	46	*	*	52	54	64	*	69	*	72	79	*	*	86	
152	*	9	*	10	12	*	24	*	28	35	39	*	47	*	*	*	50	55	66	*	68	*	*	78	*	82	90	
153	*	*	3	11	19	*	21	29	*	37	*	38	41	*	*	*	56	59	67	*	*	*	73	76	*	80	87	
154	1	7	*	14	18	*	*	*	27	32	*	*	42	43	*	*	*	58	61	*	65	*	70	71	*	83	85	
155	4	6	*	17	*	*	22	*	25	30	36	*	*	48	49	*	*	53	62	*	*	*	75	77	*	88	89	
156	2	*	8	16	*	*	20	26	*	*	*	34	44	45	*	*	51	57	60	63	*	*	*	74	*	81	84	
157	*	4	*	11	14	*	21	*	27	30	*	*	40	44	*	*	*	50	61	*	62	*	70	76	*	81	84	
158	*	*	1	13	15	*	23	26	*	35	*	38	42	*	*	*	51	58	67	69	*	*	77	78	*	*	88	
159	6	9	*	16	*	*	*	*	25	33	37	*	41	43	*	*	54	55	60	*	63	*	*	79	*	83	85	
160	7	8	*	18	*	*	22	*	24	*	31	*	45	47	*	*	53	57	*	*	68	73	*	75	*	89	90	
161	3	*	5	12	17	*	20	*	*	32	*	34	*	48	49	*	56	*	64	65	*	*	*	71	*	82	86	
162	*	*	2	10	19	*	28	29	*	36	*	39	46	*	*	*	52	59	66	*	*	*	72	74	*	80	87	
163	*	1	*	12	16	*	25	*	29	31	39	*	46	*	*	*	50	58	64	*	67	*	78	79	*	*	81	
164	*	7	*	13	15	*	20	*	28	35	*	*	41	44	*	*	54	57	61	*	66	*	*	77	*	80	88	
165	5	8	*	11	*	*	21	*	22	*	38	*	47	48	*	*	51	59	*	*	62	73	*	76	*	83	89	
166	2	*	4	14	*	*	*	23	*	30	*	32	40	45	*	*	55	*	63	*	69	*	70	75	*	82	90	
167	*	3	9	10	18	*	24	*	*	33	*	36	42	49	*	*	53	*	65	*	68	*	*	74	*	85	86	
168	*	*	6	17	19	*	26	27	*	34	*	37	43	*	*	*	52	56	60	*	*	*	71	72	*	84	87	
169	*	5	*	14	15	*	*	*	29	30	37	*	40	48	*	*	*	59	61	*	69	*	70	77	83	*	89	
170	6	7	*	10	17	*	*	*	25	32	*	*	42	47	*	*	55	56	64	*	67	*	72	79	*	*	80	
171	*	2	4	16	*	*	23	28	*	33	*	36	45	49	*	*	51	*	63	*	68	*	*	78	*	82	84	
172	9	*	*	12	18	*	24	*	26	34	39	*	*	*	43	*	54	57	62	*	*	*	71	73	*	86	87	
173	1	*	8	19	*	*	20	27	*	35	*	38	*	44	*	*	52	58	60	65	*	*	*	75	*	85	88	
174	3	*	*	11	13	*	21	*	22	31	*	*	*	41	46	*	50	53	66	*	*	*	74	76	*	81	90	
175	*	8	*	13	16	*	20	*	29	37	39	*	43	*	48	*	59	*	*	*	66	70	*	78	*	81	83	
176	6	9	*	12	17	*	*	*	26	35	*	*	46	49	*	*	*	52	60	*	64	*	72	77	*	82	88	
177	*	4	*	10	11	*	21	*	24	32	34	*	45	*	*	*	50	57	*	*	67	71	*	76	*	80	89	
178	2	*	5	18	*	*	27	28	*	*	*	36	41	44	*	*	53	56	68	69	*	*	*	74	*	84	87	
179	*	*	7	15	19	*	25	*	*	30	*	31	40	47	*	*	51	54	63	65	*	*	*	75	*	85	86	
180	1	3	*	14	*	*	22	*	23	33	38	*	*	42	*	*	55	58	61	*	62	*	73	79	*	*	90	
181	*	*	9	10	14	*	26	28	*	34	*	39	40	*	*	*	53	56	61	62	*	*	*	79	*	81	84	
182	2	*	*	11	16	*	*	*	22	30	33	*	42	48	*	*	58	59	65	*	69	*	*	75	*	80	90	
183	5	*	6	17	*	*	25	27	*	*	*	37	44	46	*	*	55	*	60	*	64	*	73	76	*	82	88	
184	7	*	*	12	13	*	21	*	24	35	36	*	*	*	47	*	50	57	67	*	*	*	74	77	*	85	86	
185	3	*	4	15	*	*	20	29	*	*	*	38	41	45	*	*	52	54	63	66	*	*	70	78	*	*	83	
186	1	*	8	18	19	*	23	*	*	31	*	32	*	43	49	*	51	*	68	*	*	*	71	72	*	87	89	
187	*	1	2	15	*	*	24	27	*	*	*	37	43	46	*	53	58	*	*	*	69	72	*	77	*	82	88	
188	5	7	*	13	19	*	*	*	25	36	*	*	41	42	*	*	50	55	62	*	64	*	78	79	*	*	80	
189	3	4	*	18	*	*	20	*	22	32	34	*	*	*	48	*	56	57	60	*	*	*	71	76	*	81	85	
190	*	6	*	11	12	*	23	*	29	31	38	*	45	*	49	*	54	*	63	*	68	*	*	75	*	84	86	
191	*	*	8	14	16	*	21	*	*	30	*	33	44	47	*	*	51	52	65	67	*	*	*	73	*	87	89	
192	9	*	*	10	17	*	26	*	28	35	39	*	*	40	*	*	*	59	61	*	66	*	70	74	*	83	90	
193	3	*	*	12	14	*	20	*	24	36	38	*	*	43	48	*	*	57	67	*	*	*	70	72	*	81	88	
194	*	1	2	10	19	*	28	*	*	31	*	37	*	41	*	50	53	*	*	*	61	73	*	74	*	89	90	
195	7	8	*	16	*	*	*	*	27	30	32	*	45	49	*	*	51	58	62	*	66	*	77	79	*	*	86	
196	*	6	*	15	17	*	21	*	23	33	*	*	40	42	*	*	52	56	60	*	65	*	*	76	*	83	87	
197	*	4	5	11	*	*	22	29	*	*	*	34	44	46	*	54	59	*	63	*	69	*	*	78	*	82	85	
198	9	*	*	13	18	*	25	*	26	35	39	*	*	47	*	*	*	55	64	*	68	*	71	75	*	80	84	
199	1	*	*	16	18	*	21	*	26	33	34	*	*	*	45	*	54	59	61	*	*	*	73	79	*	84	85	
200	2	6	*	13	*	*	*	*	23	30	39	*	40	41	*	*	50	52	63	*	64	*	*	76	*	89	90	
201	7	*	8	10	*	*	22	25	*	31	*	38	*	42	*	*	53	58	68	69	*	*	74	78	*	*	83	
202	5	*	*	14	17	*	20	*	29	35	37	*	*	47	49	*	*	55	65	*	*	*	71	77	*	86	88	
203	*	9	*	11	15	*	24	*	28	36	*	*	43	44	*	*	*	57	60	*	62	*	70	72	*	80	87	
204	*	3	4	12	19	*	27	*	*	*	*	32	46	48	*	51	56	*	66	*	67	*	*	75	*	81	82	
205	*	5	9	11	18	*	25	*	*	*	*	35	46	49	*	56	*	*	60	*	68	*	73	75	*	80	81	
206	7	8	*	19	*	*	22	*	28	*	38	*	40	47	*	*	50	52	61	*	69	*	*	74	*	87	90	
207	1	*	*	14	17	*	23	*	26	33	34	*	*	41	48	*	53	*	63	*	67	*	*	76	*	84	85	
208	*	*	6	12	16	*	20	24	*	30	*	32	42	*	*	*	51	58	65	*	*	*	70	71	*	82	83	
209	2	*	3	13	*	*	*	29	*	31	*	39	43	44	*	*	55	59	64	66	*	*	77	79	*	*	86	
210	*	4	*	10	15	*	21	*	27	36	37	*	45	*	*	*	54	57	*	*	62	72	*	78	*	88	89	
211	1	3	*	14	*	*	*	*	29	30	31	*	44	47	*	*	54	55	68	*	69	*	75	76	*	*	86	
212	*	*	6	10	18	*	21	26	*	*	*	39	41	48	*	58	59	*	*	*	62	74	*	78	*	85	90	
213	*	*	4	12	17	*	22	27	*	33	*	37	42	*	*	*	53	*	60	*	66	*	72	77	*	80	87	
214	*	5	7	13	16	*	23	*	*	32	*	34	*	43	*	56	57	*	61	*	63	*	*	79	*	81	84	
215	2	*	*	11	19	*	20	*	25	35	38	*	*	45	49	*	52	*	64	*	67	*	*	70	*	88	89	
216	*	8	9	15	*	*	24	28	*	*	*	36	40	46	*	50	51	*	*	*	65	71	*	73	*	82	83	
217	*	5	*	13	18	*	20	*	22	33	36	*	45	*	49	*	56	*	63	*	69	*	*	73	*	81	85	
218	*	2	*	10	15	*	23	*	29	38	*	*	40	47	*	*	50	53	*	*	60	76	*	77	*	80	84	
219	*	6	8	11	19	*	28	*	*	*	*	32	41	44	*	51	54	*	62	*	64	*	*	74	*	86	87	
220	4	*	*	16	17	*	24	*	25	30	39	*	*	46	*	*	*	58	61	*	68	*	75	78	*	83	89	
221	1	*	9	12	*	*	26	27	*	34	*	37	*	42	*	*	52	57	65	66	*	*	72	79	*	*	90	
222	3	7	*	14	*	*	*	*	21	31	35	*	43	48	*	*	55	59	*	*	67	70	*	71	*	82	88	
223	*	*	5	14	18	*	27	29	*	*	*	30	46	47	*	54	56	*	60	*	64	*	72	75	*	*	81	
224	*	4	8	17	*	*	24	28	*	36	*	37	45	49	*	*	51	*	*	*	61	71	*	73	*	84	87	
225	*	1	2	12	19	*	23	*	*	34	*	35	*	42	*	50	*	*	63	*	68	*	74	76	*	83	90	
226	3	*	9	15	*	*	20	25	*	31	*	38	*	40	*	*	52	59	62	*	*	*	70	79	*	86	89	
227	*	6	*	10	11	*	*	*	21	32	33	*	41	44	*	53	*	57	*	65	67	*	*	77	80	*	88	
228	*	7	*	13	16	*	22	*	26	39	*	*	43	48	*	*	55	58	66	*	69	*	*	78	*	82	85	
229	5	*	9	17	*	*	*	25	*	31	*	36	40	43	*	*	50	59	62	69	*	*	*	73	*	80	85	
230	2	*	*	12	14	*	20	*	26	32	*	*	*	42	49	*	51	55	67	*	*	*	72	75	*	81	83	
231	3	*	6	13	*	*	22	29	*	37	*	39	*	44	48	*	54	*	68	*	*	*	70	77	*	86	87	
232	1	*	4	18	19	*	24	*	*	34	*	38	*	46	*	*	58	*	60	*	65	*	74	76	*	88	89	
233	*	*	7	11	16	*	21	28	*	33	*	35	47	*	*	*	56	57	61	64	*	*	*	79	*	82	84	
234	*	*	8	10	15	*	23	27	*	*	*	30	41	45	*	52	53	*	63	*	66	*	71	78	*	*	90	
235	*	*	5	10	16	*	26	*	*	30	*	35	42	44	*	*	56	57	64	69	*	*	*	72	*	81	87	
236	*	2	7	13	*	*	23	28	*	33	*	38	48	*	*	*	53	54	61	62	*	*	73	78	*	*	88	
237	*	6	9	14	18	*	29	*	*	31	*	34	*	41	*	59	*	*	60	*	65	*	74	76	*	82	90	
238	*	*	4	15	17	*	22	27	*	*	*	39	43	46	*	50	51	*	*	*	63	70	*	71	*	80	86	
239	*	3	8	19	*	*	20	25	*	32	*	37	40	49	*	*	52	*	66	*	68	*	*	77	*	84	89	
240	*	*	1	11	12	*	21	24	*	*	*	36	45	47	*	55	58	*	*	*	67	75	*	79	*	83	85	
241	1	3	*	18	*	*	*	*	22	30	36	*	40	45	*	*	53	57	*	*	64	73	*	76	*	83	87	
242	5	6	*	15	17	*	*	*	28	37	*	*	41	46	*	*	*	51	60	*	62	*	71	72	*	81	86	
243	*	9	*	12	16	*	21	*	25	34	35	*	47	*	*	*	56	59	66	*	67	*	*	75	*	84	90	
244	*	8	*	10	19	*	24	*	29	33	*	*	43	49	*	*	52	54	*	*	61	70	*	74	*	80	82	
245	4	7	*	14	*	*	23	*	26	32	38	*	*	42	*	*	50	58	63	*	68	*	77	79	*	*	88	
246	*	*	2	11	13	*	20	27	*	31	*	39	44	48	*	*	55	*	65	*	69	*	*	78	*	85	89	
247	*	2	6	15	*	*	22	27	*	34	*	39	44	*	*	*	56	58	65	*	*	*	73	77	*	81	89	
248	*	*	9	16	19	*	26	28	*	*	*	37	42	47	*	59	*	*	60	*	69	*	74	78	*	80	87	
249	1	*	4	14	17	*	20	*	*	31	*	36	*	49	*	*	53	55	67	*	*	*	70	71	*	83	84	
250	*	*	5	10	11	*	24	25	*	32	*	38	41	48	*	*	50	*	64	*	68	*	*	76	*	82	86	
251	3	*	7	13	*	*	21	29	*	*	*	33	40	43	*	*	54	57	62	66	*	*	*	72	*	85	88	
252	8	*	*	12	18	*	*	*	23	30	35	*	45	46	*	*	51	52	61	*	63	*	75	79	*	*	90	
253	4	7	*	16	18	*	*	*	26	36	38	*	44	*	*	*	55	59	*	*	64	70	*	74	*	84	85	
254	6	*	8	13	*	*	20	28	*	*	*	30	43	47	*	*	52	54	62	*	*	*	73	75	*	81	89	
255	3	*	*	10	11	*	22	*	25	33	35	*	*	40	49	*	57	*	65	*	67	*	*	71	*	83	87	
256	*	*	9	12	14	*	23	27	*	*	*	37	41	46	*	51	53	*	60	*	69	*	*	77	*	88	90	
257	*	2	5	19	*	*	24	29	*	34	*	39	45	*	*	*	56	*	63	*	66	*	72	76	*	80	82	
258	1	*	*	15	17	*	*	*	21	31	32	*	42	48	*	*	50	58	61	*	68	*	78	79	*	*	86	
259	*	1	*	13	17	*	21	*	26	32	*	*	42	46	*	*	55	58	60	*	67	*	*	72	*	83	84	
260	*	5	7	10	*	*	25	*	*	*	31	35	40	47	*	52	53	*	65	*	69	*	*	70	*	81	85	
261	4	*	*	12	18	*	28	*	29	36	37	*	*	44	49	*	54	*	62	*	66	*	71	76	*	*	90	
262	2	9	*	16	19	*	*	*	27	34	38	*	41	*	*	*	56	57	*	*	63	74	*	79	*	88	89	
263	*	8	*	11	14	*	22	*	24	30	*	*	43	45	*	*	51	59	*	*	64	73	*	77	*	80	82	
264	3	*	6	15	*	*	20	23	*	33	*	39	*	48	*	*	50	*	61	*	68	*	75	78	*	86	87	
265	*	*	2	14	17	*	21	*	*	32	*	39	40	49	*	*	50	55	63	67	*	*	*	76	*	80	83	
266	*	1	*	10	16	*	23	*	27	33	*	*	45	47	*	*	52	58	*	*	65	73	*	74	*	81	90	
267	5	*	6	13	19	*	25	*	*	34	*	36	*	41	*	*	57	*	60	*	62	*	75	77	*	84	88	
268	4	*	9	18	*	*	28	29	*	*	*	31	42	43	*	*	54	59	61	66	*	*	72	79	*	*	87	
269	*	3	8	15	*	*	20	26	*	35	*	38	48	*	*	*	51	56	68	*	*	*	70	71	*	82	85	
270	7	*	*	11	12	*	22	*	24	30	37	*	*	44	46	*	53	*	64	*	69	*	*	78	*	86	89	
271	2	8	*	12	19	*	*	*	29	31	34	*	48	*	49	*	53	*	64	*	67	*	*	77	*	83	90	
272	3	*	4	18	*	*	26	28	*	*	*	38	41	47	*	*	58	*	63	*	69	*	75	76	*	82	86	
273	1	*	*	13	16	*	23	*	24	37	39	*	*	*	42	*	52	59	60	*	*	*	71	72	*	80	89	
274	6	*	9	15	*	*	20	27	*	*	*	32	45	46	*	*	51	57	61	*	*	*	70	74	*	84	87	
275	7	*	*	11	17	*	22	*	25	30	36	*	*	44	*	*	54	56	62	*	65	*	73	79	*	*	85	
276	5	*	*	10	14	*	*	*	21	33	35	*	40	43	*	*	50	55	66	*	68	*	*	78	*	81	88	
277	*	*	5	10	16	*	27	28	*	*	*	39	40	48	*	56	58	*	65	*	69	*	*	72	*	84	85	
278	3	*	8	11	15	*	20	*	*	*	*	33	41	44	*	*	52	55	62	*	*	*	70	78	*	88	90	
279	4	*	9	19	*	*	*	25	*	30	*	31	43	49	*	*	51	54	66	67	*	*	*	73	*	80	82	
280	6	*	*	13	17	*	21	*	22	37	38	*	*	45	*	*	*	50	60	*	61	*	71	77	*	83	87	
281	2	7	*	18	*	*	24	*	29	32	36	*	*	*	47	*	53	57	68	*	*	*	74	76	*	81	89	
282	1	*	*	12	14	*	23	*	26	34	35	*	*	42	46	*	59	*	63	*	64	*	75	79	*	*	86	
283	2	4	*	13	*	*	26	*	28	31	38	*	*	47	49	*	*	59	65	*	*	*	72	77	*	81	89	
284	6	7	*	16	18	*	*	*	21	34	37	*	42	*	*	*	57	58	*	*	69	73	*	76	*	82	88	
285	*	8	*	10	12	*	20	*	24	36	*	*	40	43	*	*	50	55	64	*	66	*	*	70	*	80	85	
286	*	1	3	19	*	*	25	*	*	*	32	35	45	48	*	51	56	*	67	*	68	*	*	78	*	83	84	
287	9	*	*	14	15	*	22	*	27	30	39	*	*	46	*	*	*	53	60	*	62	*	71	74	*	87	90	
288	*	*	5	11	17	*	23	29	*	*	*	33	41	44	*	52	54	*	61	*	63	*	75	79	*	*	86	
289	1	4	*	12	*	*	24	*	26	37	38	*	*	47	49	*	51	*	61	*	66	*	71	79	*	*	83	
290	*	8	*	11	16	*	20	*	21	30	36	*	43	*	*	*	56	59	*	*	69	73	*	77	*	86	90	
291	3	*	9	13	19	*	23	*	*	*	*	35	44	45	*	*	55	57	65	*	*	*	72	74	*	80	82	
292	*	6	*	10	15	*	27	*	29	33	39	*	48	*	*	*	50	53	64	*	68	*	*	70	*	88	89	
293	5	7	*	14	*	*	*	*	22	31	34	*	40	46	*	*	*	58	62	*	67	*	76	78	*	84	85	
294	*	2	*	17	18	*	25	*	28	32	*	*	41	42	*	*	52	54	60	*	63	*	*	75	*	81	87	
295	*	*	5	10	11	*	27	29	*	*	*	38	40	42	*	53	58	*	65	*	66	*	*	77	*	80	89	
296	*	9	*	12	13	*	21	*	23	31	34	*	45	48	*	*	*	59	64	*	67	*	75	78	*	*	87	
297	3	6	*	19	*	*	*	*	25	30	39	*	43	49	*	*	52	56	*	*	69	72	*	79	*	86	88	
298	*	*	7	14	16	*	20	28	*	32	*	37	47	*	*	*	54	57	63	*	*	*	70	73	*	81	90	
299	*	1	4	15	18	*	22	*	*	35	*	36	*	46	*	51	55	*	61	*	68	*	*	76	*	82	85	
300	*	2	8	17	*	*	24	26	*	*	*	33	41	44	*	50	*	*	60	*	62	*	71	74	*	83	84	
301	3	*	*	13	16	*	*	*	25	31	36	*	46	49	*	*	51	59	*	*	62	74	*	75	*	86	89	
302	*	4	9	17	*	*	22	23	*	32	*	34	47	*	*	*	53	55	63	66	*	*	*	76	*	83	90	
303	*	*	6	14	19	*	24	26	*	*	*	37	40	42	*	52	58	*	*	*	60	70	*	72	*	84	85	
304	*	5	8	11	18	*	21	*	*	*	*	35	44	45	*	54	57	*	67	*	69	*	*	77	*	81	82	
305	*	7	*	10	15	*	27	*	29	38	39	*	43	*	*	*	*	50	*	61	68	71	*	78	*	80	87	
306	1	*	2	12	*	*	20	28	*	30	*	33	*	41	48	*	56	*	64	65	*	*	73	79	*	*	88	
307	3	6	*	10	18	*	*	*	20	31	38	*	41	*	*	*	52	54	65	*	66	*	*	78	*	83	88	
308	*	*	4	11	16	*	24	*	*	30	*	32	42	45	*	*	57	58	62	68	*	*	76	77	*	*	80	
309	2	9	*	12	*	*	22	*	28	34	39	*	*	43	48	*	*	59	69	*	*	*	71	75	*	81	86	
310	*	1	*	17	19	*	23	*	27	36	*	*	44	49	*	*	51	56	*	*	60	70	*	73	*	87	89	
311	5	*	*	13	15	*	21	*	26	33	37	*	*	46	*	*	*	50	61	*	67	*	74	79	*	84	85	
312	7	8	*	14	*	*	25	*	29	*	35	*	40	47	*	*	53	55	63	*	64	*	*	72	*	82	90	
313	3	*	5	18	*	*	22	23	*	*	*	36	40	43	*	*	51	*	64	*	65	*	70	77	*	85	88	
314	7	*	*	10	13	*	25	*	28	32	34	*	*	*	42	*	53	55	63	*	*	*	72	78	*	86	90	
315	1	*	*	11	15	*	20	*	27	31	38	*	*	41	*	*	54	57	61	*	68	*	*	75	*	83	87	
316	*	2	8	19	*	*	24	26	*	35	*	39	45	49	*	*	59	*	62	*	67	*	*	71	*	81	84	
317	4	*	*	14	17	*	*	*	29	30	33	*	46	47	*	*	50	58	*	*	69	73	*	74	*	80	89	
318	6	*	9	12	16	*	21	*	*	*	*	37	44	48	*	*	52	56	60	66	*	*	76	79	*	*	82	
319	*	1	4	19	*	*	23	24	*	33	*	37	40	*	*	*	53	55	64	65	*	*	*	74	*	82	89	
320	5	6	*	16	17	*	*	*	20	38	39	*	46	*	*	*	*	54	*	63	66	70	*	71	*	83	90	
321	*	*	2	10	14	*	26	28	*	*	*	35	43	48	*	52	57	*	*	*	61	73	*	77	*	85	87	
322	3	*	*	11	13	*	21	*	27	34	36	*	*	44	49	*	50	*	62	*	68	*	76	79	*	*	86	
323	*	9	*	12	15	*	22	*	29	32	*	*	41	42	*	*	51	56	60	*	69	*	*	75	*	80	88	
324	7	8	*	18	*	*	*	*	25	30	31	*	45	47	*	*	58	59	*	*	67	72	*	78	*	81	84	
325	4	*	7	15	19	*	26	*	*	*	*	38	41	42	*	*	51	59	69	*	*	*	72	77	*	81	86	
326	6	*	*	17	18	*	*	*	29	31	39	*	46	49	*	*	57	58	60	*	64	*	71	78	*	*	80	
327	2	*	9	16	*	*	27	28	*	33	*	36	*	43	*	*	53	56	67	68	*	*	*	79	*	82	87	
328	*	8	*	10	12	*	22	*	23	35	37	*	47	*	*	*	50	52	65	*	66	*	*	73	*	83	88	
329	1	3	*	14	*	*	21	*	24	30	32	*	*	44	48	*	*	54	62	*	*	*	70	76	*	85	89	
330	5	*	*	11	13	*	20	*	25	34	*	*	*	40	45	*	55	*	61	*	63	*	74	75	*	84	90	
331	3	*	6	11	*	*	23	24	*	32	*	34	*	40	*	*	50	56	64	65	*	*	*	75	*	82	87	
332	2	*	*	15	16	*	22	*	25	36	39	*	*	43	48	*	51	*	67	*	69	*	77	78	*	*	88	
333	*	5	8	18	19	*	29	*	*	*	*	33	42	44	*	54	55	*	62	*	66	*	*	79	*	84	89	
334	4	7	*	10	*	*	*	*	28	31	35	*	46	47	*	*	*	58	60	*	68	*	70	71	*	80	85	
335	*	9	*	13	14	*	20	*	27	37	38	*	49	*	*	*	52	57	*	*	63	72	*	76	*	81	86	
336	*	*	1	12	17	*	21	26	*	*	*	30	41	45	*	53	59	*	*	*	61	73	*	74	*	83	90	
337	1	*	4	16	*	*	27	28	*	32	*	33	*	40	48	*	58	*	61	*	*	*	70	73	*	85	90	
338	*	3	*	11	15	*	20	*	24	38	39	*	49	*	*	*	52	54	65	*	69	*	*	78	*	82	83	
339	*	7	*	12	17	*	*	*	29	30	31	*	43	45	*	57	*	59	62	*	67	*	75	79	*	*	89	
340	2	9	*	13	*	*	23	*	25	*	37	*	46	47	*	*	53	56	*	*	68	74	*	76	*	80	86	
341	6	*	*	10	14	*	21	*	22	35	*	*	*	41	42	*	51	55	64	66	*	*	*	71	*	81	88	
342	*	5	8	18	19	*	26	*	*	34	*	36	*	44	*	50	*	*	60	*	63	*	72	77	*	84	87	
343	*	7	*	13	16	*	*	*	29	30	31	*	40	43	*	55	*	58	*	*	64	*	73	76	83	*	84	
344	1	*	3	17	*	*	21	26	*	*	*	34	41	49	*	*	50	*	62	*	65	*	72	77	*	81	89	
345	4	*	5	18	*	*	24	25	*	38	*	39	*	42	*	*	53	59	66	67	*	*	*	70	*	82	86	
346	6	8	*	15	19	*	*	*	28	35	36	*	48	*	*	*	52	54	68	*	69	*	*	79	*	88	90	
347	*	*	9	10	12	*	22	27	*	33	*	37	45	46	*	*	57	*	*	*	61	74	*	75	*	85	87	
348	*	2	*	11	14	*	20	*	23	32	*	*	44	47	*	*	51	56	60	*	63	*	71	78	*	*	80	
349	4	5	*	15	*	*	23	*	24	32	37	*	*	46	*	*	*	52	60	*	61	*	72	74	*	82	83	
350	3	*	*	10	16	*	22	*	27	36	*	*	*	41	42	*	55	56	68	*	*	*	70	76	*	81	87	
351	8	*	*	11	19	*	*	*	26	31	34	*	40	44	*	*	50	57	67	*	69	*	*	75	*	85	88	
352	1	9	*	14	18	*	*	*	21	30	39	*	49	*	*	*	51	59	*	*	66	73	*	77	*	84	86	
353	6	7	*	13	*	*	20	*	28	35	38	*	*	47	48	*	58	*	64	*	65	*	*	71	*	89	90	
354	*	*	2	12	17	*	25	29	*	*	*	33	43	45	*	53	54	*	62	*	63	*	78	79	*	*	80	
355	1	3	*	15	*	*	24	*	26	36	37	*	*	*	49	*	50	55	65	*	*	*	70	74	*	87	88	
356	*	*	9	10	14	*	21	27	*	34	*	35	45	46	*	*	56	*	60	*	67	*	*	78	*	82	84	
357	*	5	7	11	16	*	29	*	*	38	*	39	*	47	*	53	59	*	62	*	69	*	*	73	*	80	90	
358	8	*	*	12	18	*	22	*	25	30	*	*	*	42	44	*	58	*	61	*	64	*	71	72	*	81	85	
359	4	6	*	17	*	*	*	*	20	31	33	*	41	43	*	*	51	57	*	*	68	75	*	76	*	86	89	
360	*	*	2	13	19	*	23	28	*	*	*	32	40	48	*	52	54	*	63	*	66	*	77	79	*	*	83	
361	4	*	*	10	14	*	23	*	29	32	33	*	*	44	46	*	57	*	64	*	65	*	*	78	*	88	89	
362	7	*	*	15	18	*	21	*	25	36	*	*	*	40	49	*	56	59	63	67	*	*	*	70	*	86	90	
363	6	9	*	16	*	*	22	*	27	35	38	*	*	47	*	*	51	53	61	*	62	*	75	77	*	*	81	
364	*	2	*	13	17	*	*	*	28	30	31	*	41	43	*	52	*	58	*	*	69	*	73	79	82	*	84	
365	5	*	8	12	*	*	20	24	*	*	*	39	42	45	*	*	50	*	60	*	68	*	71	74	*	80	83	
366	1	*	3	11	19	*	26	*	*	34	*	37	*	48	*	*	54	55	66	*	*	*	72	76	*	85	87	
367	4	*	8	18	*	*	23	26	*	*	*	35	41	47	*	*	50	59	61	*	*	*	71	73	*	80	87	
368	*	7	*	10	14	*	22	*	29	33	36	*	42	46	*	*	*	58	63	*	65	*	78	79	*	*	84	
369	*	3	9	16	19	*	24	*	*	38	*	39	*	44	*	51	56	*	*	*	68	74	*	75	*	81	88	
370	5	6	*	17	*	*	20	*	21	34	37	*	*	48	*	*	*	54	60	*	69	*	70	76	*	82	90	
371	2	*	*	11	15	*	*	*	27	30	32	*	40	43	*	*	52	57	66	*	67	*	*	72	*	85	86	
372	1	*	*	12	13	*	25	*	28	31	*	*	*	45	49	*	53	55	62	64	*	*	*	77	*	83	89	
373	4	9	*	19	*	*	21	*	28	34	37	*	*	*	40	*	54	58	68	*	*	*	77	78	*	81	86	
374	*	6	8	18	*	*	25	29	*	*	*	35	41	43	*	51	59	*	63	*	67	*	*	74	*	84	90	
375	1	*	2	12	17	*	26	*	*	*	*	30	42	46	*	*	50	53	69	*	*	*	71	76	*	85	87	
376	7	*	*	11	15	*	*	*	24	31	33	*	45	49	*	*	*	52	61	*	64	*	72	73	*	83	89	
377	*	*	5	14	16	*	20	23	*	32	*	38	44	48	*	*	56	*	60	*	65	*	70	79	*	*	88	
378	3	*	*	10	13	*	22	*	27	36	39	*	*	47	*	*	55	57	62	*	66	*	*	75	*	80	82	
379	*	*	2	16	17	*	20	27	*	*	*	36	42	46	*	54	57	*	*	*	63	70	*	72	*	85	90	
380	4	9	*	12	*	*	21	*	23	30	37	*	*	45	49	*	*	56	67	*	*	*	71	73	*	81	87	
381	3	*	7	13	*	*	24	28	*	32	*	38	*	47	*	*	50	*	62	*	66	*	74	78	*	84	88	
382	*	1	*	14	15	*	*	*	22	31	34	*	41	43	*	53	*	59	*	61	65	*	*	77	82	*	83	
383	5	*	6	10	19	*	25	*	*	*	*	33	40	48	*	*	52	58	60	69	*	*	75	76	*	*	80	
384	8	*	*	11	18	*	26	*	29	35	39	*	*	44	*	*	51	55	64	*	68	*	*	79	*	86	89	
385	3	*	*	13	16	*	22	*	26	33	38	*	*	44	*	*	51	53	60	*	68	*	*	78	*	82	85	
386	*	6	7	10	19	*	28	*	*	30	*	39	*	40	*	56	57	*	65	*	67	*	*	70	*	87	90	
387	*	5	*	14	15	*	21	*	27	34	36	*	47	*	49	*	50	*	*	*	69	71	*	74	*	81	88	
388	2	*	4	11	*	*	24	29	*	*	*	31	42	45	*	*	52	59	62	66	*	*	76	77	*	*	80	
389	*	1	9	18	*	*	20	*	*	*	32	35	41	48	*	58	*	*	61	*	64	*	73	79	*	84	89	
390	8	*	*	12	17	*	23	*	25	37	*	*	*	43	46	*	54	55	63	*	*	*	72	75	*	83	86	
391	5	*	9	12	*	*	25	27	*	37	*	38	*	45	46	*	57	*	62	*	*	*	70	74	*	86	89	
392	1	*	2	14	*	*	22	24	*	36	*	39	*	48	*	*	59	*	61	*	66	*	72	78	*	82	87	
393	3	8	*	18	19	*	*	*	28	32	33	*	49	*	*	*	54	58	64	*	69	*	*	73	*	83	84	
394	6	*	*	10	16	*	20	*	29	35	*	*	*	42	44	*	51	52	63	67	*	*	76	79	*	*	88	
395	4	*	*	13	17	*	*	*	23	31	34	*	41	47	*	*	50	55	60	*	65	*	*	77	*	80	85	
396	*	*	7	11	15	*	21	26	*	*	*	30	40	43	*	53	56	*	*	*	68	71	*	75	*	81	90	
397	*	*	9	12	13	*	24	29	*	*	*	33	40	41	*	55	58	*	66	*	69	*	*	73	*	84	88	
398	1	*	8	16	18	*	20	*	*	34	*	36	*	46	*	*	52	59	63	67	*	*	*	76	*	81	86	
399	5	*	7	17	*	*	22	28	*	31	*	32	*	49	*	*	50	51	64	65	*	*	70	79	*	*	85	
400	*	*	4	14	15	*	23	27	*	37	*	39	42	48	*	*	57	*	*	*	62	72	*	74	*	83	87	
401	2	*	3	19	*	*	*	26	*	30	*	35	44	45	*	*	54	56	61	*	*	*	75	77	*	80	82	
402	*	6	*	10	11	*	21	*	25	38	*	*	43	47	*	*	*	53	60	*	68	*	71	78	*	89	90	
403	2	*	*	14	15	*	21	*	29	30	35	*	*	43	*	*	*	53	60	*	64	*	74	78	*	80	84	
404	4	*	9	19	*	*	26	28	*	*	*	38	42	48	*	*	50	59	61	65	*	*	*	76	*	83	90	
405	8	*	*	12	13	*	*	*	23	31	39	*	44	47	*	*	51	56	67	*	68	*	70	79	*	*	85	
406	7	*	*	11	16	*	22	*	25	34	*	*	*	45	46	*	52	55	62	66	*	*	*	72	*	86	87	
407	5	*	6	10	*	*	20	24	*	36	*	37	*	40	49	*	58	*	63	*	*	*	71	77	*	81	82	
408	1	3	*	17	18	*	*	*	27	32	33	*	41	*	*	*	54	57	*	*	69	73	*	75	*	88	89	
409	*	*	7	12	15	*	20	26	*	*	*	36	41	47	*	51	52	*	67	*	68	*	73	79	*	*	86	
410	*	*	6	11	18	*	22	24	*	34	*	35	46	48	*	*	56	*	65	*	66	*	*	75	*	80	83	
411	2	*	8	19	*	*	25	28	*	*	*	30	40	44	*	*	57	59	61	*	*	*	72	76	*	81	90	
412	*	4	5	13	17	*	27	*	*	37	*	38	*	49	*	50	58	*	*	*	60	70	*	71	*	85	89	
413	1	*	*	10	14	*	21	*	23	32	33	*	*	42	*	*	53	54	63	*	69	*	*	77	*	84	87	
414	3	9	*	16	*	*	*	*	29	31	39	*	43	45	*	*	*	55	62	*	64	*	74	78	*	82	88	
415	8	9	*	15	18	*	*	*	25	30	38	*	43	*	45	*	58	*	65	*	67	*	*	79	*	83	90	
416	5	*	*	13	14	*	22	*	27	36	37	*	*	48	*	*	51	59	66	*	68	*	77	78	*	*	81	
417	4	7	*	10	*	*	*	*	26	34	39	*	42	46	*	*	53	57	62	*	63	*	*	75	*	84	87	
418	*	2	3	19	*	*	21	29	*	*	*	33	40	49	*	50	56	*	*	*	69	72	*	74	*	86	88	
419	6	*	*	16	17	*	24	*	28	32	*	*	*	41	47	*	54	55	61	*	*	*	70	76	*	80	82	
420	*	1	*	11	12	*	20	*	23	31	35	*	44	*	*	*	*	52	*	60	64	71	*	73	*	85	89	
421	7	*	*	15	16	*	23	*	24	34	37	*	*	*	45	*	50	56	62	*	*	*	71	77	*	81	89	
422	5	*	*	14	18	*	21	*	28	32	*	*	*	40	42	*	52	55	69	*	*	*	70	78	*	86	90	
423	2	*	9	13	*	*	25	29	*	36	*	38	*	41	*	*	51	53	66	68	*	*	*	73	*	82	88	
424	6	*	8	12	*	*	*	20	*	30	*	39	46	49	*	*	57	59	65	67	*	*	74	79	*	*	85	
425	*	3	4	17	19	*	27	*	*	*	*	35	43	48	*	58	*	*	61	*	64	*	72	76	*	80	87	
426	*	1	*	10	11	*	22	*	26	31	33	*	44	*	47	*	54	*	60	*	63	*	*	75	*	83	84	
427	4	*	5	14	*	*	23	24	*	32	*	34	*	46	*	*	54	57	61	67	*	*	*	73	*	83	85	
428	*	2	3	13	19	*	22	*	*	*	*	37	44	47	*	55	59	*	65	*	68	*	75	78	*	*	81	
429	*	*	7	11	16	*	25	26	*	33	*	35	40	49	*	*	56	*	63	*	64	*	*	76	*	80	84	
430	*	6	*	10	12	*	20	*	27	36	38	*	41	*	*	*	50	58	*	*	60	70	*	74	*	88	89	
431	*	8	*	15	17	*	*	*	29	30	39	*	42	45	*	*	*	52	62	*	66	*	72	77	87	*	90	
432	*	1	9	18	*	*	21	28	*	*	*	31	43	48	*	51	53	*	*	*	69	71	*	79	*	82	86	
433	*	2	3	14	*	*	25	28	*	37	*	39	40	*	*	*	51	52	66	68	*	*	77	79	*	*	86	
434	*	*	9	11	17	*	24	29	*	*	*	36	41	42	*	56	57	*	62	*	67	*	*	74	*	81	90	
435	1	*	7	13	18	*	21	*	*	*	*	31	43	48	*	*	53	*	61	*	63	*	70	72	*	80	89	
436	*	6	*	10	16	*	26	*	27	33	38	*	47	*	49	*	58	*	*	*	65	71	*	76	*	83	87	
437	4	5	*	19	*	*	20	*	22	32	34	*	*	44	*	*	50	54	60	*	69	*	*	78	*	82	84	
438	8	*	*	12	15	*	*	*	23	30	35	*	45	46	*	*	55	59	*	*	64	73	*	75	*	85	88	
439	4	*	*	14	17	*	20	*	27	34	*	*	*	45	49	*	51	56	61	67	*	*	*	75	*	87	90	
440	5	7	*	16	*	*	26	*	28	32	35	*	*	44	46	*	*	52	64	*	*	*	73	74	*	80	86	
441	1	*	2	10	18	*	23	*	*	30	*	39	*	43	*	*	53	57	69	*	*	*	71	72	*	84	85	
442	*	6	*	13	19	*	*	*	24	33	38	*	41	47	*	55	*	59	63	*	66	*	70	79	*	*	83	
443	8	*	*	11	15	*	25	*	29	31	*	*	*	40	42	*	58	*	60	*	62	*	77	78	*	81	89	
444	3	*	9	12	*	*	21	22	*	36	*	37	*	48	*	*	50	54	65	68	*	*	*	76	*	82	88	
445	7	*	*	11	16	*	24	*	29	36	*	*	*	46	49	*	54	58	63	67	*	*	*	75	*	82	90	
446	*	2	9	17	*	*	20	25	*	34	*	39	40	47	*	*	51	*	64	*	66	*	78	79	*	*	84	
447	*	*	6	10	12	*	22	23	*	35	*	37	43	*	*	*	53	57	69	*	*	*	72	77	*	86	89	
448	3	*	4	18	*	*	21	26	*	30	*	33	*	42	*	*	50	56	62	68	*	*	*	74	*	80	83	
449	*	8	*	13	19	*	*	*	27	32	38	*	44	45	*	*	*	59	61	*	65	*	73	76	81	*	88	
450	*	1	5	14	15	*	28	*	*	*	*	31	41	48	*	52	55	*	*	*	60	70	*	71	*	85	87	
451	5	*	*	15	17	*	21	*	22	30	35	*	*	43	*	*	54	55	62	*	67	*	76	77	*	*	84	
452	*	3	8	11	*	*	20	25	*	*	*	32	40	41	*	52	56	*	*	*	69	71	*	75	*	85	87	
453	*	6	7	16	*	*	28	*	*	*	31	34	42	47	*	50	58	*	61	*	65	*	*	79	*	80	81	
454	1	4	*	10	18	*	*	*	24	33	38	*	44	*	*	*	*	57	*	60	64	70	*	78	*	82	89	
455	*	9	*	12	19	*	23	*	27	39	*	*	45	48	*	*	53	59	66	*	68	*	*	74	*	83	88	
456	2	*	*	13	14	*	26	*	29	36	37	*	*	46	49	*	*	51	63	*	*	*	72	73	*	86	90	
457	2	*	*	12	15	*	20	*	28	32	39	*	*	47	*	*	56	58	64	*	65	*	*	70	*	88	90	
458	*	7	9	18	19	*	21	*	*	*	*	35	41	43	*	50	55	*	*	*	66	71	*	76	*	80	81	
459	4	8	*	13	*	*	23	*	29	33	36	*	*	48	49	*	*	53	60	*	*	*	75	78	*	83	84	
460	*	*	6	10	14	*	22	27	*	*	*	31	40	44	*	51	52	*	68	*	69	*	*	79	*	82	87	
461	*	5	*	11	17	*	*	*	26	30	34	*	42	45	*	54	*	59	63	*	67	*	72	77	*	*	85	
462	1	3	*	16	*	*	24	*	25	37	38	*	*	46	*	*	*	57	61	*	62	*	73	74	*	86	89	
463	1	*	2	13	18	*	28	*	*	33	*	38	*	48	*	*	51	59	69	*	*	*	72	75	*	82	85	
464	3	*	*	10	12	*	27	*	29	35	39	*	*	42	*	*	*	56	60	*	65	*	70	74	*	84	87	
465	*	*	8	15	19	*	21	25	*	*	*	31	40	47	*	54	55	*	*	*	63	73	*	78	*	83	88	
466	5	*	6	16	*	*	20	22	*	*	*	30	43	44	*	*	53	57	62	68	*	*	*	79	*	80	90	
467	4	*	7	11	*	*	*	24	*	32	*	36	45	46	*	*	50	58	64	66	*	*	71	77	*	*	89	
468	9	*	*	14	17	*	23	*	26	34	37	*	*	41	49	*	52	*	61	*	67	*	*	76	*	81	86	
469	7	*	*	10	16	*	27	*	29	32	37	*	*	*	46	*	52	56	60	*	*	*	70	71	*	80	82	
470	3	*	8	15	*	*	23	28	*	*	*	39	42	47	*	*	51	57	65	66	*	*	*	79	*	83	84	
471	*	1	*	17	18	*	24	*	26	30	38	*	43	*	49	*	55	*	*	*	67	72	*	74	*	86	90	
472	5	*	6	11	*	*	20	22	*	34	*	35	*	44	*	*	50	54	61	68	*	*	*	75	*	85	89	
473	*	*	4	12	13	*	21	*	*	31	*	33	40	48	*	*	59	*	63	*	69	*	76	77	*	81	88	
474	2	9	*	14	19	*	*	*	25	36	*	*	41	45	*	*	53	58	62	*	64	*	73	78	*	*	87	
475	*	2	3	14	18	*	23	*	*	31	*	33	*	49	*	54	59	*	*	*	61	72	*	75	*	81	89	
476	*	1	*	10	13	*	25	*	28	38	39	*	43	*	*	*	53	56	64	*	67	*	*	70	*	85	87	
477	8	9	*	15	*	*	21	*	29	*	37	*	44	47	*	*	55	57	*	*	62	77	*	79	*	80	83	
478	*	6	*	11	17	*	20	*	27	34	35	*	46	48	*	*	*	50	65	*	69	*	71	78	*	*	88	
479	4	*	7	19	*	*	*	24	*	30	*	36	40	45	*	*	52	58	66	68	*	*	*	73	*	84	86	
480	*	5	*	12	16	*	22	*	26	32	*	*	41	42	*	*	*	51	60	*	63	*	74	76	*	82	90	
481	*	6	7	12	*	*	25	*	*	*	30	31	46	47	*	51	55	*	62	*	67	*	*	70	*	85	86	
482	*	*	1	15	16	*	26	29	*	33	*	36	40	*	*	*	53	59	60	*	*	*	71	74	*	81	88	
483	*	*	9	11	19	*	20	23	*	34	*	39	42	48	*	*	57	*	63	*	64	*	*	75	*	82	89	
484	*	3	8	14	*	*	24	28	*	*	*	35	44	45	*	52	56	*	65	*	66	*	76	79	*	*	87	
485	2	*	*	10	13	*	22	*	27	32	*	*	*	41	43	*	50	58	69	*	*	*	73	77	*	80	84	
486	4	*	5	17	18	*	21	*	*	37	*	38	*	49	*	*	54	*	61	*	68	*	72	78	*	83	90	
487	1	*	4	11	17	*	20	*	*	30	*	34	*	40	*	*	50	58	64	66	*	*	*	72	*	80	86	
488	*	5	*	13	14	*	28	*	29	37	*	*	41	43	*	*	55	57	61	*	62	*	*	74	*	82	85	
489	2	*	*	12	16	*	23	*	25	32	*	*	*	42	46	*	51	56	68	*	*	*	75	77	*	83	84	
490	6	*	7	19	*	*	22	24	*	33	*	38	*	49	*	*	52	*	60	*	65	*	71	79	*	81	90	
491	3	*	*	10	18	*	*	*	21	31	36	*	45	48	*	*	54	59	*	*	67	73	*	76	*	87	88	
492	8	9	*	15	*	*	26	*	27	35	39	*	*	44	47	*	53	*	63	*	69	*	70	78	*	*	89	
493	*	4	6	12	18	*	23	*	*	*	*	37	40	49	*	51	57	*	*	*	68	70	*	72	*	81	87	
494	*	9	*	14	17	*	*	*	21	30	32	*	42	44	*	50	*	54	*	63	65	*	*	76	80	*	84	
495	*	1	*	10	15	*	24	*	27	34	36	*	47	*	48	*	56	*	*	*	64	71	*	78	*	88	90	
496	*	2	*	13	16	*	25	*	29	35	38	*	45	*	*	*	*	59	*	61	66	75	*	79	*	85	86	
497	3	*	5	19	*	*	20	26	*	*	*	33	41	43	*	*	53	58	67	69	*	*	*	73	*	82	89	
498	*	7	8	11	*	*	22	28	*	31	*	39	46	*	*	*	52	55	60	62	*	*	74	77	*	*	83	
499	3	*	*	11	12	*	22	*	23	36	39	*	*	49	*	*	50	52	60	*	69	*	*	71	*	82	90	
500	1	2	*	18	*	*	*	*	20	30	34	*	41	48	*	*	51	56	*	*	63	70	*	73	*	88	89	
501	*	*	4	10	14	*	26	29	*	*	*	31	42	46	*	55	59	*	*	*	67	76	*	77	*	81	87	
502	8	*	*	15	16	*	21	*	28	32	38	*	*	43	47	*	53	*	66	*	68	*	78	79	*	*	85	
503	6	7	*	19	*	*	24	*	27	*	33	*	40	44	*	*	54	58	62	*	65	*	*	75	*	83	86	
504	5	*	9	13	17	*	25	*	*	35	*	37	*	45	*	*	57	*	61	*	64	*	72	74	*	80	84	
505	*	5	*	10	17	*	20	*	27	31	38	*	42	*	*	*	50	53	63	*	66	*	*	78	*	81	88	
506	3	6	*	15	*	*	21	*	29	35	37	*	*	45	*	*	56	58	62	*	67	*	70	79	*	*	83	
507	8	*	*	16	18	*	22	*	28	30	*	*	*	46	48	*	55	*	60	*	64	*	71	73	*	86	87	
508	*	7	9	14	*	*	26	*	*	*	32	36	40	43	*	52	59	*	*	*	69	72	*	76	*	80	90	
509	1	*	*	11	12	*	23	*	24	33	39	*	*	47	49	*	51	*	65	*	68	*	*	75	*	85	89	
510	*	2	4	13	19	*	25	*	*	*	*	34	41	44	*	54	57	*	*	*	61	74	*	77	*	82	84	
511	*	3	8	15	18	*	28	*	*	*	*	36	44	46	*	50	52	*	*	*	64	73	*	77	*	82	90	
512	*	*	2	12	17	*	23	24	*	32	*	34	42	47	*	*	55	*	60	*	67	*	*	71	*	80	89	
513	7	*	*	13	16	*	*	*	20	30	39	*	43	49	*	*	*	58	62	*	63	*	72	74	*	83	87	
514	1	9	*	14	*	*	26	*	29	35	37	*	*	*	48	*	51	57	68	*	*	*	70	78	*	81	86	
515	*	4	5	19	*	*	21	22	*	*	*	38	40	41	*	53	54	*	61	*	66	*	*	76	*	85	88	
516	6	*	*	10	11	*	25	*	27	31	33	*	*	45	*	*	56	59	65	*	69	*	75	79	*	*	84	
517	3	*	4	13	*	*	22	27	*	*	*	32	40	44	*	*	50	53	65	67	*	*	77	78	*	*	80	
518	*	8	*	15	16	*	20	*	28	35	37	*	48	*	*	*	51	56	*	*	69	70	*	75	*	85	90	
519	6	*	*	14	18	*	21	*	23	33	38	*	*	*	43	*	55	59	64	*	*	*	74	79	*	82	89	
520	*	2	5	10	*	*	26	*	*	*	30	34	42	46	*	57	*	*	61	*	62	*	71	76	*	83	84	
521	1	*	7	12	19	*	29	*	*	36	*	39	*	47	49	*	54	*	60	66	*	*	*	72	*	81	86	
522	*	*	9	11	17	*	24	25	*	*	*	31	41	45	*	52	58	*	63	*	68	*	*	73	*	87	88	
523	7	8	*	18	*	*	*	*	26	31	34	*	42	46	*	*	*	55	60	*	61	*	74	77	*	81	82	
524	1	*	*	10	11	*	20	*	22	35	38	*	*	43	*	*	53	57	62	*	68	*	*	78	*	84	85	
525	2	*	3	13	19	*	21	*	*	*	*	36	41	47	*	*	51	58	63	67	*	*	75	79	*	*	87	
526	4	*	*	12	15	*	24	*	25	30	*	*	*	45	48	*	54	56	64	69	*	*	*	70	*	80	89	
527	5	*	9	14	*	*	28	29	*	32	*	39	*	44	49	*	52	*	66	*	*	*	71	73	*	83	86	
528	*	6	*	16	17	*	23	*	27	33	37	*	40	*	*	*	50	59	*	*	65	72	*	76	*	88	90	
529	7	9	*	10	*	*	22	*	24	32	33	*	*	46	*	*	53	56	64	*	68	*	78	79	*	*	86	
530	4	*	8	12	*	*	20	21	*	37	*	39	*	42	*	*	57	59	67	*	*	*	70	73	*	83	84	
531	*	3	*	13	18	*	*	*	26	30	38	*	40	43	*	50	*	52	*	63	69	*	*	75	87	*	90	
532	*	*	6	14	16	*	27	28	*	*	*	34	44	47	*	58	*	*	60	*	65	*	72	74	*	80	81	
533	*	2	5	17	19	*	29	*	*	*	*	31	41	45	*	51	54	*	61	*	66	*	*	76	*	85	89	
534	*	1	*	11	15	*	23	*	25	35	36	*	48	*	49	*	55	*	*	*	62	71	*	77	*	82	88	
535	6	*	9	14	19	*	25	*	*	30	*	33	*	45	*	*	53	*	60	*	67	*	71	72	*	82	86	
536	*	1	*	13	17	*	21	*	24	34	*	*	40	42	*	*	51	55	63	*	69	*	74	78	*	*	85	
537	2	5	*	12	*	*	*	*	27	31	38	*	43	48	*	*	52	56	66	*	68	*	*	77	*	81	83	
538	*	*	7	16	18	*	20	22	*	36	*	39	46	49	*	*	50	*	*	*	61	70	*	75	*	88	89	
539	*	*	8	10	15	*	23	28	*	*	*	35	41	47	*	57	59	*	64	*	65	*	*	79	*	84	90	
540	3	4	*	11	*	*	26	*	29	32	37	*	*	*	44	*	54	58	62	*	*	*	73	76	*	80	87	
541	6	*	8	14	18	*	21	*	*	35	*	38	*	46	*	*	50	59	61	63	*	*	*	79	*	80	84	
542	*	5	9	17	*	*	20	26	*	37	*	39	47	48	*	*	51	*	*	*	67	73	*	77	*	83	87	
543	3	4	*	16	*	*	27	*	29	32	33	*	*	40	*	*	54	56	62	*	66	*	*	74	*	81	82	
544	*	7	*	13	19	*	*	*	24	30	31	*	41	44	*	52	*	58	65	*	69	*	76	78	*	*	89	
545	1	*	*	12	15	*	22	*	28	36	*	*	*	43	49	*	55	57	68	*	*	*	70	71	*	85	86	
546	*	*	2	10	11	*	23	25	*	*	*	34	42	45	*	53	*	*	60	*	64	*	72	75	*	88	90	
547	*	*	8	12	13	*	25	28	*	*	*	32	46	48	*	57	59	*	62	*	65	*	*	70	*	82	89	
548	*	3	9	18	19	*	23	*	*	33	*	37	*	47	*	51	55	*	63	*	64	*	71	78	*	*	85	
549	1	6	*	16	*	*	21	*	22	35	39	*	*	*	40	*	50	58	66	*	*	*	75	79	*	81	90	
550	*	*	4	14	15	*	24	*	*	31	*	36	42	45	*	*	54	56	68	*	*	*	74	76	*	84	87	
551	2	5	*	17	*	*	20	*	27	*	30	*	41	44	*	*	*	52	60	*	61	*	72	73	*	86	88	
552	*	7	*	10	11	*	26	*	29	34	38	*	43	*	49	*	53	*	67	*	69	*	*	77	*	80	83	
553	*	2	*	10	12	*	23	*	28	31	38	*	48	*	*	*	51	55	*	*	67	76	*	77	*	88	89	
554	*	*	6	11	15	*	26	29	*	34	*	35	42	47	*	*	50	*	63	*	68	*	*	70	*	84	90	
555	3	*	8	16	18	*	27	*	*	*	*	39	45	46	*	*	57	*	60	*	64	*	71	74	*	85	86	
556	*	4	5	14	*	*	22	*	*	*	30	32	40	49	*	53	54	*	66	*	69	*	78	79	*	*	80	
557	7	*	*	13	17	*	20	*	25	36	*	*	*	41	43	*	58	59	62	*	*	*	72	73	*	82	83	
558	*	1	9	19	*	*	21	24	*	33	*	37	44	*	*	*	52	56	61	65	*	*	*	75	*	81	87	
559	*	*	7	11	15	*	23	29	*	*	*	34	41	43	*	55	*	*	60	*	65	*	71	73	*	81	87	
560	6	8	*	17	*	*	24	*	25	38	39	*	*	40	*	*	51	54	63	*	64	*	*	72	*	82	86	
561	*	2	9	16	19	*	26	*	*	*	*	35	42	48	*	56	57	*	62	*	67	*	70	78	*	*	80	
562	*	*	3	13	18	*	28	*	*	30	*	33	44	47	*	*	53	59	61	*	*	*	74	76	*	89	90	
563	*	*	4	10	12	*	20	22	*	36	*	37	46	49	*	*	58	*	66	*	69	*	*	79	*	84	88	
564	1	5	*	14	*	*	21	*	27	31	32	*	*	*	45	*	50	52	68	*	*	*	75	77	*	83	85	
565	4	*	6	15	*	*	20	24	*	34	*	35	*	48	*	*	50	59	61	69	*	*	*	79	*	85	86	
566	*	3	*	10	12	*	21	*	25	31	32	*	43	*	*	*	*	54	*	63	64	71	*	73	*	83	90	
567	*	2	7	17	*	*	27	28	*	*	*	37	40	42	*	52	56	*	*	*	67	70	*	74	*	80	87	
568	*	8	*	11	14	*	*	*	26	30	38	*	44	45	*	51	*	55	62	*	65	*	72	76	*	*	88	
569	*	5	*	16	19	*	22	*	23	39	*	*	41	46	*	*	53	58	60	*	66	*	*	78	*	81	82	
570	1	*	9	13	18	*	29	*	*	33	*	36	*	47	49	*	57	*	68	*	*	*	75	77	*	84	89	
571	*	*	5	11	14	*	28	29	*	37	*	39	46	*	*	*	52	56	65	69	*	*	73	79	*	*	88	
572	*	*	6	15	17	*	26	27	*	31	*	33	43	*	*	*	50	59	63	*	*	*	77	78	*	81	82	
573	3	*	*	13	16	*	21	*	22	35	*	*	*	40	45	*	51	55	61	68	*	*	*	75	*	80	87	
574	1	2	*	12	*	*	23	*	25	*	34	*	41	47	*	*	*	54	62	*	64	*	71	74	*	83	89	
575	*	7	9	18	*	*	24	*	*	*	30	38	42	44	*	53	57	*	*	*	60	72	*	76	*	85	90	
576	*	4	8	10	19	*	20	*	*	32	*	36	48	49	*	*	58	*	66	*	67	*	*	70	*	84	86	
577	*	2	7	10	*	*	20	24	*	36	*	37	49	*	*	*	51	55	68	*	*	*	75	79	*	82	90	
578	*	1	*	13	17	*	21	*	27	32	38	*	45	*	48	*	50	*	66	*	67	*	*	74	*	80	87	
579	*	3	9	19	*	*	25	29	*	*	*	31	44	46	*	52	57	*	60	*	69	*	76	77	*	*	88	
580	4	*	*	11	15	*	*	*	26	30	35	*	42	47	*	*	53	54	*	*	65	70	*	78	*	81	85	
581	5	*	*	12	16	*	22	*	28	34	39	*	*	40	*	*	58	59	63	*	64	*	*	71	*	83	89	
582	6	*	8	14	18	*	23	*	*	*	*	33	41	43	*	*	56	*	61	*	62	*	72	73	*	84	86	
583	6	8	*	17	*	*	21	*	22	30	34	*	*	47	*	*	*	54	62	*	69	*	70	71	*	84	89	
584	*	*	2	10	11	*	23	24	*	*	*	38	40	45	*	52	55	*	63	*	65	*	*	73	*	82	86	
585	*	4	*	13	14	*	20	*	28	35	*	*	41	46	*	*	51	57	64	*	66	*	74	78	*	*	88	
586	1	*	*	15	16	*	*	*	27	31	37	*	44	48	*	*	50	59	*	*	68	72	*	75	*	81	87	
587	5	9	*	12	19	*	*	*	26	32	36	*	42	*	49	*	58	*	*	*	60	76	*	77	*	80	90	
588	*	3	7	18	*	*	25	29	*	33	*	39	43	*	*	*	53	56	61	67	*	*	*	79	*	83	85	
589	5	*	8	12	*	*	23	28	*	35	*	36	*	46	*	*	51	55	65	69	*	*	75	78	*	*	81	
590	*	3	9	16	19	*	24	*	*	*	*	30	41	43	*	52	56	*	*	*	62	73	*	77	*	84	85	
591	4	*	*	13	14	*	*	*	22	31	33	*	42	47	*	*	*	50	61	*	64	*	76	79	*	80	87	
592	2	*	7	18	*	*	20	21	*	32	*	34	*	44	*	*	53	58	67	68	*	*	*	72	*	89	90	
593	1	*	*	11	17	*	25	*	26	37	39	*	*	48	49	*	*	54	63	*	*	*	70	74	*	82	88	
594	*	*	6	10	15	*	27	29	*	*	*	38	40	45	*	57	59	*	60	*	66	*	*	71	*	83	86	
595	8	*	*	10	15	*	27	*	29	38	*	*	*	42	44	*	54	55	62	69	*	*	*	76	*	80	86	
596	5	*	6	14	19	*	24	*	*	30	*	35	*	49	*	*	50	56	64	65	*	*	*	74	*	88	90	
597	*	9	*	11	17	*	22	*	26	37	*	*	40	45	*	*	*	53	61	*	66	*	70	75	*	84	89	
598	*	2	7	12	*	*	28	*	*	*	31	36	46	48	*	57	58	*	*	*	68	77	*	78	*	81	83	
599	1	3	*	16	*	*	20	*	25	32	39	*	*	43	47	*	*	52	67	*	*	*	71	72	*	85	87	
600	*	4	*	13	18	*	21	*	23	33	34	*	41	*	*	*	51	59	60	*	63	*	73	79	*	*	82	
601	6	*	7	13	*	*	*	22	*	30	*	38	46	48	*	*	57	59	67	68	*	*	74	78	*	*	86	
602	3	9	*	14	17	*	*	*	29	33	*	*	40	42	*	*	51	55	*	*	62	75	*	76	*	81	87	
603	*	1	2	16	*	*	26	27	*	*	*	34	41	43	*	50	52	*	63	*	69	*	*	73	*	82	90	
604	*	4	*	10	19	*	21	*	23	37	39	*	47	*	*	*	53	54	*	*	65	72	*	77	*	88	89	
605	5	*	*	11	12	*	20	*	24	31	32	*	*	44	*	*	*	56	60	*	61	*	70	71	*	80	84	
606	*	*	8	15	18	*	25	28	*	35	*	36	45	49	*	*	58	*	64	*	66	*	*	79	*	83	85	
607	*	1	*	10	12	*	26	*	28	33	*	*	43	45	*	*	51	53	*	*	66	72	*	77	*	82	84	
608	2	*	*	15	16	*	20	*	25	34	*	*	*	40	44	*	58	*	60	*	61	*	74	76	*	83	90	
609	6	8	*	11	19	*	*	*	27	35	39	*	48	*	49	*	56	*	65	*	67	*	*	75	*	81	87	
610	*	*	5	13	17	*	23	29	*	32	*	37	41	*	*	*	55	57	68	*	*	*	70	71	*	85	89	
611	4	*	7	18	*	*	*	24	*	30	*	36	42	47	*	*	54	59	62	64	*	*	*	73	*	80	86	
612	3	*	9	14	*	*	21	22	*	31	*	38	*	46	*	*	50	52	63	69	*	*	78	79	*	*	88	
613	4	*	7	15	19	*	21	*	*	*	*	39	42	43	*	*	53	59	62	63	*	*	*	75	*	84	85	
614	6	*	*	13	14	*	24	*	25	32	37	*	*	*	48	*	52	55	61	*	*	*	73	79	*	80	89	
615	2	*	*	11	12	*	22	*	26	36	38	*	*	44	49	*	54	*	68	*	69	*	77	78	*	*	90	
616	*	*	3	17	18	*	23	28	*	*	*	34	45	46	*	50	58	*	65	*	66	*	*	72	*	81	88	
617	8	9	*	10	*	*	*	*	20	30	35	*	41	47	*	*	51	57	*	*	67	74	*	76	*	82	83	
618	1	5	*	16	*	*	27	*	29	31	33	*	*	40	*	*	*	56	60	*	64	*	70	71	*	86	87	
619	3	6	*	11	*	*	24	*	26	31	33	*	*	44	*	*	*	53	64	*	69	*	73	77	*	80	89	
620	5	*	*	10	13	*	21	*	27	36	*	*	*	43	47	*	54	58	67	68	*	*	72	79	*	*	88	
621	*	*	2	12	18	*	20	25	*	35	*	39	46	*	*	*	50	56	61	*	*	*	70	75	*	83	86	
622	*	1	*	15	17	*	22	*	28	32	*	*	42	49	*	*	51	55	*	*	63	74	*	76	*	81	82	
623	*	4	9	16	*	*	23	*	*	*	30	37	41	48	*	52	57	*	62	*	65	*	*	78	*	84	90	
624	7	*	8	14	19	*	29	*	*	34	*	38	*	40	45	*	59	*	60	66	*	*	*	71	*	85	87	
625	*	7	*	10	14	*	21	*	29	34	39	*	41	*	*	*	56	58	66	*	68	*	*	70	*	89	90	
626	*	*	9	11	13	*	25	28	*	35	*	38	40	48	*	*	59	*	63	*	69	*	*	75	*	80	86	
627	*	3	*	12	15	*	22	*	23	31	*	*	47	49	*	*	50	54	*	*	65	76	*	78	*	84	87	
628	*	2	6	17	*	*	20	27	*	33	*	36	44	*	*	*	51	52	67	*	*	*	72	77	*	85	88	
629	*	5	8	16	18	*	24	*	*	*	*	37	42	43	*	55	*	*	61	*	64	*	71	74	*	81	82	
630	1	4	*	19	*	*	*	*	26	30	32	*	45	46	*	*	53	57	60	*	62	*	73	79	*	*	83	
631	9	*	*	11	18	*	23	*	28	30	34	*	*	42	49	*	50	*	63	*	68	*	*	76	*	81	84	
632	2	4	*	17	*	*	*	*	29	32	33	*	41	43	*	*	55	59	64	*	69	*	*	78	*	86	89	
633	7	*	8	10	*	*	22	27	*	*	*	36	46	47	*	*	52	*	60	*	66	*	71	79	*	83	85	
634	*	5	*	15	16	*	20	*	25	37	38	*	45	*	*	*	51	54	65	*	67	*	73	77	*	*	80	
635	*	*	6	13	14	*	21	26	*	31	*	35	44	*	*	*	57	58	62	*	*	*	72	74	*	82	90	
636	*	1	3	12	19	*	24	*	*	*	*	39	40	48	*	53	56	*	*	*	61	70	*	75	*	87	88	
637	*	8	*	10	19	*	*	*	29	30	31	*	42	45	*	*	*	55	61	*	64	*	76	77	82	*	86	
638	3	6	*	15	*	*	26	*	28	32	37	*	*	40	47	*	*	59	68	*	*	*	71	73	*	81	83	
639	*	*	9	13	14	*	22	23	*	38	*	39	43	*	*	*	57	58	65	*	*	*	72	74	*	85	87	
640	7	*	*	12	16	*	21	*	24	34	36	*	*	49	*	*	51	56	60	*	69	*	70	79	*	*	80	
641	*	1	4	17	*	*	20	27	*	*	*	33	41	44	*	52	53	*	63	*	67	*	*	78	*	84	90	
642	2	*	5	11	18	*	25	*	*	*	*	35	46	48	*	*	50	54	62	66	*	*	*	75	*	88	89	
643	*	9	*	13	14	*	*	*	29	31	39	*	41	49	*	54	*	58	61	*	66	*	70	78	*	*	86	
644	*	*	7	16	18	*	22	25	*	35	*	37	44	46	*	*	56	*	*	*	67	71	*	76	*	80	81	
645	*	2	3	17	19	*	24	*	*	34	*	38	*	47	*	50	52	*	*	*	63	77	*	79	*	83	85	
646	*	1	4	11	*	*	23	26	*	*	*	30	43	45	*	51	55	*	64	*	68	*	*	72	*	87	88	
647	6	*	*	12	15	*	20	*	28	33	*	*	*	40	48	*	53	57	65	69	*	*	*	73	*	82	90	
648	5	8	*	10	*	*	21	*	27	32	36	*	*	42	*	*	*	59	60	*	62	*	74	75	*	84	89	
649	1	*	8	18	19	*	20	*	*	36	*	37	*	44	*	*	55	59	62	69	*	*	72	78	*	*	83	
650	4	*	5	16	*	*	28	29	*	*	*	38	45	48	*	*	53	*	60	*	61	*	71	76	*	88	90	
651	*	2	*	11	13	*	22	*	23	31	35	*	43	*	47	*	50	*	65	*	66	*	*	79	*	80	86	
652	3	9	*	12	*	*	*	*	24	33	39	*	40	42	*	*	51	52	*	*	64	75	*	77	*	82	87	
653	*	*	7	10	15	*	21	25	*	30	*	34	49	*	*	*	54	57	68	*	*	*	70	74	*	84	85	
654	6	*	*	14	17	*	26	*	27	32	*	*	*	41	46	*	56	58	63	67	*	*	*	73	*	81	89	
655	8	*	*	16	17	*	23	*	25	32	39	*	*	*	43	*	50	52	69	*	*	*	73	77	*	87	90	
656	1	*	*	10	13	*	26	*	29	33	36	*	*	41	49	*	56	*	66	*	68	*	*	79	*	85	89	
657	3	*	5	15	*	*	*	27	*	30	*	35	42	46	*	*	53	54	67	*	*	*	71	74	*	82	88	
658	2	*	9	11	18	*	24	*	*	*	*	37	45	48	*	*	51	59	61	65	*	*	*	70	*	80	83	
659	6	*	*	12	14	*	20	*	28	34	38	*	*	40	*	*	55	57	63	*	64	*	75	78	*	*	84	
660	*	4	7	19	*	*	21	22	*	*	*	31	44	47	*	58	*	*	60	*	62	*	72	76	*	81	86	
661	*	*	3	10	19	*	25	27	*	34	*	38	40	49	*	*	57	*	*	*	68	74	*	75	*	81	89	
662	*	7	*	13	17	*	21	*	28	37	*	*	45	46	*	*	51	52	60	*	63	*	*	78	*	83	86	
663	4	6	*	14	*	*	20	*	22	35	39	*	*	48	*	*	*	56	61	*	64	*	72	77	*	85	88	
664	9	*	*	15	16	*	*	*	29	30	31	*	43	44	*	*	50	58	62	*	69	*	*	76	*	82	84	
665	1	*	5	12	*	*	23	26	*	33	*	36	*	41	*	*	53	54	66	67	*	*	70	79	*	*	87	
666	2	8	*	11	18	*	*	*	24	32	*	*	42	47	*	*	55	59	*	*	65	71	*	73	*	80	90	
667	7	*	8	14	15	*	26	*	*	35	*	36	*	43	47	*	51	*	62	68	*	*	*	70	*	81	83	
668	*	1	6	16	*	*	21	24	*	*	*	37	42	45	*	52	58	*	67	*	69	*	78	79	*	*	87	
669	9	*	*	11	18	*	22	*	28	32	34	*	*	46	*	*	*	53	60	*	65	*	72	75	*	85	90	
670	*	4	*	10	13	*	20	*	27	30	38	*	48	*	*	*	50	55	*	*	66	73	*	74	*	82	89	
671	2	*	3	19	*	*	23	25	*	*	*	39	44	49	*	*	56	57	63	64	*	*	*	77	*	86	88	
672	5	*	*	12	17	*	*	*	29	31	33	*	40	41	*	*	54	59	*	*	61	71	*	76	*	80	84	
673	*	4	*	16	17	*	*	*	27	30	37	*	42	48	*	51	*	53	*	62	66	*	*	73	81	*	90	
674	*	2	*	11	14	*	22	*	23	33	*	*	40	45	*	*	52	57	64	*	67	*	*	75	*	87	88	
675	6	*	9	10	19	*	21	*	*	36	*	39	*	43	49	*	58	*	69	*	*	*	76	77	*	80	86	
676	3	*	*	12	13	*	25	*	26	32	*	*	*	41	44	*	55	*	60	*	63	*	71	78	*	82	84	
677	1	5	*	15	*	*	20	*	29	31	34	*	*	*	47	*	50	54	61	*	*	*	70	72	*	85	89	
678	7	*	8	18	*	*	24	28	*	35	*	38	*	46	*	*	56	59	65	68	*	*	74	79	*	*	83	
679	9	*	*	15	18	*	23	*	29	38	*	*	*	46	47	*	51	58	64	65	*	*	*	70	*	83	86	
680	*	2	6	14	*	*	21	*	*	*	30	37	40	42	*	54	57	*	60	*	68	*	*	71	*	80	90	
681	1	4	*	13	*	*	22	*	28	31	33	*	*	*	43	*	52	53	67	*	*	*	72	79	*	85	88	
682	3	*	7	11	17	*	24	*	*	34	*	39	*	44	49	*	56	*	66	*	*	*	76	78	*	81	84	
683	8	*	*	12	16	*	20	*	25	36	*	*	*	41	45	*	55	59	62	69	*	*	75	77	*	*	82	
684	*	5	*	10	19	*	26	*	27	32	35	*	48	*	*	*	*	50	*	61	63	73	*	74	*	87	89	
685	*	*	3	10	11	*	23	29	*	*	*	35	43	49	*	57	*	*	63	*	65	*	71	74	*	80	82	
686	*	2	7	18	*	*	27	28	*	*	*	37	45	46	*	52	55	*	*	*	64	76	*	77	*	83	87	
687	1	9	*	15	*	*	*	*	25	30	38	*	40	41	*	*	50	56	*	*	62	70	*	75	*	89	90	
688	6	8	*	14	19	*	*	*	20	31	33	*	44	*	*	*	53	59	60	*	67	*	*	78	*	81	85	
689	4	*	*	12	17	*	22	*	26	36	39	*	*	47	48	*	51	*	68	*	69	*	73	79	*	*	84	
690	*	*	5	13	16	*	21	24	*	32	*	34	42	*	*	*	54	58	61	66	*	*	*	72	*	86	88	
691	*	*	9	14	19	*	26	*	*	30	*	31	41	43	*	*	58	*	60	*	62	*	73	78	*	80	85	
692	*	*	7	10	15	*	20	28	*	*	*	34	40	48	*	52	57	*	63	*	66	*	70	79	*	*	87	
693	5	*	*	12	18	*	24	*	27	37	*	*	*	42	44	*	51	56	61	65	*	*	*	74	*	88	89	
694	3	*	6	13	*	*	21	29	*	32	*	36	*	47	49	*	55	*	68	*	*	*	76	77	*	83	86	
695	4	*	8	11	17	*	23	*	*	33	*	39	*	45	*	*	50	54	64	*	*	*	71	75	*	81	84	
696	*	1	2	16	*	*	22	25	*	35	*	38	46	*	*	*	53	59	67	69	*	*	*	72	*	82	90	
697	7	*	9	17	19	*	20	*	*	38	*	39	*	44	48	*	55	*	63	*	*	*	70	75	*	83	84	
698	4	*	*	11	15	*	22	*	27	32	36	*	*	41	*	*	54	59	61	*	65	*	*	72	*	86	88	
699	*	8	*	10	13	*	24	*	29	34	*	*	45	46	*	*	50	52	*	*	67	71	*	73	*	82	87	
700	*	1	3	16	*	*	23	25	*	*	*	30	42	49	*	51	58	*	66	*	68	*	74	77	*	*	81	
701	5	*	6	14	*	*	*	26	*	31	*	37	43	47	*	*	53	57	62	69	*	*	*	79	*	80	90	
702	*	2	*	12	18	*	21	*	28	33	35	*	40	*	*	*	*	56	*	60	64	76	*	78	*	85	89	
703	*	4	*	10	14	*	25	*	29	36	38	*	40	*	*	*	55	59	*	*	68	72	*	75	*	81	84	
704	*	*	9	15	18	*	22	24	*	30	*	37	41	*	*	*	50	51	60	62	*	*	*	70	*	80	89	
705	*	*	3	11	13	*	26	28	*	*	*	39	46	48	*	57	58	*	64	*	65	*	73	79	*	*	86	
706	*	5	7	16	*	*	20	*	*	*	31	34	43	45	*	53	56	*	*	*	63	71	*	78	*	85	87	
707	2	8	*	17	19	*	*	*	23	32	35	*	44	*	49	*	54	*	66	*	67	*	*	77	*	83	90	
708	1	6	*	12	*	*	21	*	27	*	33	*	42	47	*	*	*	52	61	*	69	*	74	76	*	82	88	
709	1	*	8	18	*	*	*	22	*	34	*	35	40	49	*	*	50	59	60	*	*	*	75	76	*	89	90	
710	6	*	*	14	17	*	24	*	29	32	37	*	*	46	*	*	54	56	67	*	69	*	*	71	*	86	87	
711	5	*	*	11	12	*	21	*	25	31	*	*	*	41	42	*	55	58	65	66	*	*	70	78	*	*	81	
712	3	*	9	16	19	*	20	*	*	33	*	36	*	47	*	*	52	57	61	68	*	*	*	73	*	80	82	
713	*	*	7	10	13	*	27	28	*	*	*	38	43	48	*	51	*	*	63	*	64	*	72	77	*	85	88	
714	*	2	4	15	*	*	23	26	*	30	*	39	44	45	*	*	53	*	*	*	62	74	*	79	*	83	84	
715	*	5	8	18	19	*	29	*	*	*	*	37	42	48	*	50	52	*	66	*	69	*	*	70	*	87	89	
716	2	*	4	10	*	*	21	28	*	33	*	38	*	44	*	*	51	56	62	63	*	*	75	76	*	*	81	
717	*	3	*	12	16	*	25	*	26	31	35	*	43	*	*	*	55	59	65	*	68	*	*	79	*	86	90	
718	*	9	*	11	13	*	20	*	22	30	*	*	40	45	*	*	*	53	60	*	64	*	73	78	*	83	84	
719	1	*	*	14	15	*	*	*	23	32	39	*	41	46	*	*	54	58	*	*	61	71	*	74	*	80	88	
720	6	7	*	17	*	*	24	*	27	34	36	*	*	47	49	*	*	57	67	*	*	*	72	77	*	82	85	
721	*	*	4	15	16	*	26	28	*	*	*	37	41	43	*	53	57	*	67	*	69	*	*	79	*	83	85	
722	7	*	*	14	18	*	20	*	27	36	39	*	*	44	46	*	*	59	62	*	*	*	72	74	*	89	90	
723	*	3	*	12	13	*	22	*	23	31	*	*	40	49	*	*	52	56	60	*	66	*	75	77	*	*	81	
724	5	*	8	19	*	*	21	29	*	32	*	34	*	45	*	*	51	*	61	*	64	*	70	76	*	84	86	
725	*	2	6	10	*	*	25	*	*	*	30	35	42	48	*	50	55	*	*	*	63	73	*	78	*	80	88	
726	1	9	*	11	17	*	*	*	24	33	38	*	47	*	*	*	54	58	65	*	68	*	*	71	*	82	87	
727	5	6	*	18	*	*	*	*	29	30	34	*	41	45	*	*	53	59	61	*	65	*	74	79	*	*	88	
728	4	*	7	11	*	*	20	24	*	*	*	37	40	44	*	*	56	58	62	69	*	*	*	76	*	83	89	
729	*	*	8	15	16	*	23	25	*	35	*	39	47	*	*	*	50	51	64	*	*	*	73	77	*	84	86	
730	*	2	*	12	17	*	21	*	28	33	38	*	43	*	*	*	54	55	67	*	68	*	*	75	*	85	90	
731	1	*	3	10	19	*	26	*	*	*	*	31	42	49	*	*	57	*	60	*	63	*	70	71	*	81	82	
732	*	*	9	13	14	*	22	27	*	32	*	36	46	48	*	*	52	*	*	*	66	72	*	78	*	80	87	
733	2	*	*	14	16	*	23	*	24	31	*	*	*	42	48	*	50	51	63	67	*	*	77	79	*	*	90	
734	6	8	*	11	*	*	20	*	27	*	30	*	40	41	*	*	*	53	62	*	68	*	72	74	*	87	88	
735	9	*	*	10	18	*	28	*	29	36	38	*	*	46	*	*	56	59	61	*	66	*	*	76	*	82	84	
736	3	7	*	15	*	*	*	*	25	32	35	*	43	45	*	*	52	58	*	*	60	71	*	73	*	86	89	
737	*	1	4	17	19	*	26	*	*	34	*	39	*	44	*	54	55	*	*	*	64	70	*	75	*	81	85	
738	5	*	*	12	13	*	21	*	22	33	37	*	*	47	49	*	57	*	65	*	69	*	*	78	*	80	83	
739	*	1	3	10	18	*	26	*	*	31	*	36	*	49	*	55	*	*	62	*	65	*	70	78	*	84	87	
740	2	7	*	15	*	*	24	*	27	*	32	*	42	48	*	*	56	59	64	*	66	*	*	76	*	80	83	
741	4	6	*	14	*	*	20	*	25	30	39	*	*	40	47	*	51	*	60	*	69	*	72	79	*	*	81	
742	*	*	9	11	17	*	21	29	*	*	*	35	41	43	*	53	54	*	*	*	67	74	*	77	*	82	86	
743	5	*	*	16	19	*	23	*	28	33	38	*	*	*	44	*	52	58	63	*	*	*	73	75	*	88	89	
744	*	8	*	12	13	*	*	*	22	34	37	*	45	46	*	50	*	57	*	61	68	*	*	71	85	*	90	
745	2	*	9	19	*	*	21	24	*	31	*	37	*	41	*	*	51	52	61	68	*	*	76	77	*	*	87	
746	*	8	*	14	15	*	22	*	27	39	*	*	40	48	*	*	*	54	62	*	63	*	72	75	*	83	84	
747	3	*	7	11	*	*	20	26	*	*	*	35	45	47	*	*	53	56	65	66	*	*	*	74	*	86	90	
748	*	*	4	10	12	*	28	29	*	34	*	38	44	*	*	*	55	58	60	67	*	*	*	78	*	80	88	
749	1	*	*	16	17	*	*	*	25	30	32	*	42	46	*	*	57	59	*	*	64	73	*	79	*	81	82	
750	*	5	6	13	18	*	23	*	*	33	*	36	43	49	*	*	50	*	*	*	69	70	*	71	*	85	89	
751	*	1	8	14	18	*	28	*	*	*	*	39	44	49	*	53	54	*	63	*	67	*	71	76	*	*	90	
752	*	*	5	12	19	*	23	29	*	32	*	35	43	48	*	*	56	*	68	*	69	*	*	78	*	83	89	
753	*	3	6	13	*	*	20	26	*	37	*	38	40	*	*	*	50	52	60	64	*	*	*	73	*	84	86	
754	4	*	7	17	*	*	*	27	*	30	*	34	41	45	*	*	55	57	62	*	*	*	70	79	*	81	85	
755	2	*	*	10	11	*	21	*	24	31	33	*	*	42	*	*	*	58	61	*	66	*	72	75	*	82	87	
756	9	*	*	15	16	*	22	*	25	36	*	*	*	46	47	*	51	59	65	*	*	*	74	77	*	80	88	
757	*	*	7	10	17	*	26	28	*	33	*	36	41	*	*	*	58	*	60	*	67	*	76	77	*	82	85	
758	*	*	8	14	18	*	22	25	*	35	*	38	44	*	*	*	52	57	61	64	*	*	*	74	*	83	90	
759	2	9	*	16	19	*	*	*	20	39	*	*	40	47	*	*	50	56	62	*	63	*	78	79	*	*	88	
760	1	*	*	13	15	*	27	*	29	32	37	*	*	45	48	*	*	55	69	*	*	*	70	71	*	80	86	
761	*	3	5	11	*	*	21	*	*	*	30	34	42	43	*	51	54	*	66	*	68	*	*	75	*	87	89	
762	4	*	6	12	*	*	23	24	*	*	*	31	46	49	*	*	53	59	65	*	*	*	72	73	*	81	84	
763	1	*	4	12	*	*	*	25	*	32	*	38	40	44	*	*	52	54	67	*	*	*	70	71	*	82	85	
764	8	*	9	18	19	*	27	*	*	33	*	36	*	43	*	*	53	59	61	69	*	*	*	76	*	81	87	
765	2	5	*	16	*	*	21	*	26	31	39	*	*	49	*	*	51	57	60	*	68	*	*	74	*	80	89	
766	*	*	3	13	14	*	20	29	*	*	*	30	45	46	*	58	*	*	63	*	66	*	73	79	*	86	90	
767	7	*	*	10	11	*	24	*	28	34	*	*	*	42	48	*	55	56	65	*	*	*	72	77	*	83	84	
768	*	*	6	15	17	*	22	23	*	35	*	37	41	47	*	*	50	*	62	*	64	*	75	78	*	*	88	
769	3	9	*	14	*	*	*	*	20	30	32	*	46	47	*	*	50	53	61	*	66	*	*	73	*	88	90	
770	*	5	*	11	16	*	23	*	27	35	38	*	41	*	48	*	59	*	65	*	69	*	*	78	*	82	86	
771	1	*	2	12	*	*	24	26	*	37	*	39	*	40	*	*	54	55	64	68	*	*	72	79	*	*	87	
772	*	*	6	10	17	*	21	22	*	*	*	33	44	49	*	52	58	*	*	*	62	71	*	77	*	83	85	
773	4	7	*	13	18	*	*	*	29	36	*	*	42	45	*	*	*	56	60	*	67	*	70	75	*	81	84	
774	*	8	*	15	19	*	25	*	28	31	34	*	43	*	*	*	51	57	*	*	63	74	*	76	*	80	89	
775	4	*	*	10	15	*	22	*	25	38	39	*	*	46	*	*	*	51	61	*	69	*	72	75	*	81	88	
776	*	9	*	11	12	*	*	*	29	31	34	*	42	44	*	50	*	59	63	*	67	*	70	79	*	*	86	
777	2	*	6	17	19	*	21	*	*	33	*	35	*	48	49	*	55	*	66	*	*	*	73	77	*	82	83	
778	*	3	*	16	18	*	23	*	24	30	36	*	40	*	*	*	53	56	62	*	68	*	*	76	*	84	89	
779	5	*	7	14	*	*	20	27	*	*	*	37	45	47	*	*	54	57	64	65	*	*	*	74	*	87	90	
780	1	*	8	13	*	*	26	28	*	*	*	32	41	43	*	*	52	58	60	*	*	*	71	78	*	80	85	
781	6	*	*	11	17	*	23	*	28	30	35	*	*	40	*	*	54	58	67	*	68	*	75	76	*	*	86	
782	1	*	5	19	*	*	22	27	*	34	*	38	*	45	48	*	56	*	64	65	*	*	*	78	*	80	88	
783	2	*	8	12	18	*	26	*	*	*	*	31	43	47	*	*	52	*	60	*	66	*	72	77	*	84	85	
784	7	*	*	13	15	*	*	*	20	32	37	*	42	49	*	*	50	59	61	*	69	*	*	71	*	87	90	
785	*	4	9	16	*	*	25	29	*	33	*	36	46	*	*	*	51	57	63	*	*	*	73	74	*	81	83	
786	*	*	3	10	14	*	21	24	*	*	*	39	41	44	*	53	55	*	*	*	62	70	*	79	*	82	89	
787	*	*	4	13	15	*	21	29	*	*	*	34	43	45	*	51	57	*	61	*	64	*	78	79	*	*	85	
788	2	*	*	10	11	*	24	*	25	31	32	*	*	42	*	*	50	55	68	*	69	*	*	74	*	80	82	
789	8	9	*	16	*	*	*	*	23	30	33	*	46	48	*	*	52	59	63	*	67	*	*	71	*	81	83	
790	5	*	*	12	14	*	20	*	28	36	*	*	*	41	44	*	54	58	60	*	*	*	75	77	*	84	86	
791	6	*	7	19	*	*	22	26	*	35	*	37	*	47	49	*	53	*	65	*	*	*	70	76	*	89	90	
792	1	3	*	17	18	*	*	*	27	38	39	*	40	*	*	*	*	56	*	62	66	72	*	73	*	87	88	
793	6	*	8	10	19	*	24	*	*	33	*	38	*	47	*	*	50	57	63	68	*	*	*	76	*	84	85	
794	*	1	3	11	*	*	21	22	*	32	*	35	45	49	*	*	53	*	65	*	66	*	75	77	*	*	82	
795	4	*	*	12	15	*	28	*	29	34	*	*	*	40	44	*	54	58	61	62	*	*	*	70	*	80	88	
796	*	*	2	13	18	*	23	*	*	30	*	36	46	48	*	*	55	*	60	*	64	*	71	73	*	86	87	
797	*	5	9	17	*	*	25	27	*	37	*	39	43	*	*	*	52	59	67	*	*	*	72	79	*	81	89	
798	7	*	*	14	16	*	20	*	26	31	*	*	*	41	42	*	51	56	69	*	*	*	74	78	*	83	90	
799	*	5	8	15	*	*	20	23	*	33	*	37	41	*	*	*	52	56	65	67	*	*	*	70	*	85	90	
800	*	2	7	18	19	*	22	*	*	*	*	32	45	46	*	54	58	*	*	*	60	73	*	77	*	80	86	
801	*	*	4	16	17	*	21	24	*	30	*	35	40	48	*	*	51	*	*	*	63	71	*	75	*	81	88	
802	*	*	6	10	12	*	26	29	*	38	*	39	43	*	*	*	55	57	64	69	*	*	74	78	*	*	82	
803	*	1	3	11	*	*	25	27	*	*	*	34	42	44	*	50	59	*	66	*	68	*	*	72	*	87	89	
804	*	9	*	13	14	*	*	*	28	31	36	*	47	49	*	*	*	53	61	*	62	*	76	79	83	*	84	
805	*	4	*	11	19	*	28	*	29	36	39	*	44	*	47	*	55	*	*	*	61	73	*	76	*	83	86	
806	1	*	*	13	16	*	20	*	27	32	38	*	*	46	*	*	50	51	63	*	66	*	*	70	*	85	89	
807	3	5	*	15	*	*	23	*	26	*	30	*	40	45	*	*	52	57	67	*	69	*	75	79	*	*	81	
808	8	9	*	17	*	*	21	*	22	*	31	*	43	49	*	*	54	59	60	*	65	*	*	74	*	80	82	
809	*	6	7	12	18	*	25	*	*	33	*	35	*	42	*	56	58	*	*	*	62	71	*	78	*	88	90	
810	2	*	*	10	14	*	*	*	24	34	37	*	41	48	*	*	*	53	64	*	68	*	72	77	*	84	87	
811	7	*	*	14	16	*	*	*	26	30	39	*	45	46	*	*	*	57	61	*	64	*	77	78	*	87	89	
812	2	6	*	18	19	*	*	*	24	34	*	*	43	49	*	*	52	56	63	*	66	*	*	76	*	83	86	
813	8	*	*	13	17	*	23	*	29	32	36	*	*	42	48	*	53	*	65	*	68	*	*	75	*	84	88	
814	5	*	9	12	*	*	22	28	*	31	*	33	*	40	*	*	54	55	62	67	*	*	74	79	*	*	90	
815	*	1	*	10	11	*	20	*	21	37	*	*	41	47	*	*	50	59	*	*	60	72	*	73	*	81	82	
816	*	3	4	15	*	*	25	27	*	35	*	38	44	*	*	*	51	58	69	*	*	*	70	71	*	80	85	
817	*	9	*	13	14	*	21	*	24	37	39	*	48	*	*	*	57	59	60	*	65	*	*	70	*	82	88	
818	*	3	6	11	*	*	22	27	*	*	*	31	44	45	*	51	*	*	61	*	63	*	71	74	*	80	87	
819	*	*	1	10	16	*	25	26	*	30	*	36	49	*	*	*	50	55	62	66	*	*	76	77	*	*	85	
820	*	*	8	17	19	*	28	29	*	35	*	38	46	47	*	*	52	*	*	*	67	73	*	79	*	84	89	
821	*	2	5	12	*	*	20	*	*	*	32	33	41	42	*	54	58	*	*	*	64	72	*	75	*	86	90	
822	4	*	7	15	18	*	23	*	*	*	*	34	40	43	*	*	53	56	68	69	*	*	*	78	*	81	83	
823	8	*	*	12	15	*	20	*	28	32	*	*	*	40	46	*	56	*	60	*	67	*	72	75	*	83	85	
824	5	*	9	14	19	*	25	*	*	*	*	39	43	44	*	*	55	59	65	*	*	*	70	77	*	86	90	
825	6	*	7	17	*	*	21	24	*	35	*	37	*	47	48	*	54	*	62	69	*	*	*	78	*	84	89	
826	*	1	3	10	*	*	27	29	*	33	*	34	49	*	*	*	53	58	64	*	*	*	73	74	*	81	82	
827	*	4	*	13	18	*	23	*	26	36	38	*	42	*	*	*	51	52	63	*	68	*	*	76	*	80	87	
828	*	2	*	11	16	*	*	*	22	30	31	*	41	45	*	50	*	57	61	*	66	*	71	79	*	*	88	
829	*	8	*	11	12	*	22	*	27	35	*	*	42	44	*	*	50	58	*	*	68	76	*	78	*	86	89	
830	*	1	2	17	*	*	28	*	*	*	30	32	40	45	*	51	57	*	65	*	66	*	77	79	*	*	87	
831	6	7	*	14	19	*	*	*	21	33	38	*	43	*	48	*	56	*	63	*	69	*	*	72	*	80	82	
832	*	3	5	10	*	*	23	24	*	*	*	34	46	49	*	52	54	*	60	*	62	*	*	73	*	88	90	
833	*	*	9	13	16	*	20	26	*	36	*	37	41	*	*	*	55	*	61	*	67	*	74	75	*	83	85	
834	*	*	4	15	18	*	25	29	*	31	*	39	47	*	*	*	53	59	64	*	*	*	70	71	*	81	84	
835	3	9	*	17	*	*	21	*	27	31	36	*	*	45	49	*	*	51	60	*	*	*	73	76	*	81	84	
836	*	2	8	12	*	*	20	29	*	34	*	37	40	*	*	*	54	55	63	64	*	*	*	72	*	80	85	
837	1	*	*	11	19	*	23	*	24	38	*	*	*	43	48	*	53	58	67	*	*	*	71	75	*	87	88	
838	5	*	*	13	14	*	*	*	25	30	35	*	41	47	*	*	50	57	65	*	69	*	78	79	*	*	82	
839	*	6	*	10	15	*	22	*	28	32	33	*	44	*	*	*	*	56	*	61	62	74	*	77	*	86	89	
840	4	7	*	16	18	*	*	*	26	39	*	*	42	46	*	*	52	59	66	*	68	*	*	70	*	83	90	
841	*	6	8	11	*	*	22	25	*	37	*	39	45	*	*	*	55	57	62	68	*	*	72	79	*	*	80	
842	*	2	4	19	*	*	24	29	*	32	*	34	41	*	*	*	50	53	66	*	*	*	73	75	*	84	89	
843	*	3	*	12	15	*	20	*	28	38	*	*	44	47	*	*	56	59	*	*	63	74	*	76	*	83	88	
844	*	1	7	14	17	*	26	*	*	*	*	30	42	49	*	51	52	*	64	*	69	*	*	78	*	85	90	
845	*	5	*	10	16	*	*	*	27	31	33	*	40	43	*	*	*	54	60	*	65	*	70	77	81	*	87	
846	9	*	*	13	18	*	21	*	23	35	36	*	*	46	48	*	58	*	61	*	67	*	*	71	*	82	86	
847	*	8	*	10	16	*	26	*	27	32	37	*	48	*	49	*	54	*	63	*	68	*	*	79	*	87	90	
848	7	*	*	11	19	*	20	*	25	36	*	*	*	42	46	*	50	*	60	*	62	*	72	77	*	80	86	
849	*	*	1	14	18	*	29	*	*	30	*	34	44	47	*	*	52	59	64	66	*	*	70	78	*	*	89	
850	2	*	4	13	*	*	22	24	*	35	*	39	*	41	*	*	51	56	61	65	*	*	*	75	*	82	84	
851	3	*	6	12	17	*	21	*	*	*	*	38	43	45	*	*	57	58	69	*	*	*	73	76	*	83	85	
852	*	5	9	15	*	*	23	28	*	31	*	33	40	*	*	*	53	55	67	*	*	*	71	74	*	81	88	
853	*	3	*	10	16	*	20	*	25	31	33	*	42	*	*	*	52	58	68	*	69	*	*	77	*	84	90	
854	4	8	*	19	*	*	21	*	24	37	38	*	*	44	*	*	54	55	63	*	66	*	76	78	*	*	88	
855	*	*	1	13	17	*	28	29	*	*	*	30	40	46	*	50	51	*	*	*	65	73	*	75	*	80	89	
856	7	9	*	12	18	*	*	*	26	35	*	*	41	47	*	*	*	53	60	*	61	*	71	79	*	82	83	
857	5	6	*	15	*	*	22	*	27	34	36	*	*	48	49	*	59	*	64	*	67	*	*	72	*	81	87	
858	*	*	2	11	14	*	23	*	*	32	*	39	43	45	*	*	56	57	62	*	*	*	70	74	*	85	86	
859	4	*	*	13	19	*	23	*	27	35	36	*	*	*	44	*	51	56	61	*	*	*	72	77	*	84	86	
860	3	*	*	11	12	*	*	*	21	30	31	*	40	41	*	*	*	57	60	*	69	*	73	74	*	80	89	
861	7	8	*	16	18	*	*	*	26	38	39	*	46	*	*	*	52	54	64	*	65	*	*	78	*	81	83	
862	2	*	*	10	17	*	20	*	22	33	*	*	*	42	45	*	50	59	66	*	*	*	75	76	*	82	90	
863	1	*	9	14	*	*	25	28	*	32	*	37	*	48	49	*	53	*	62	68	*	*	71	79	*	*	88	
864	5	6	*	15	*	*	24	*	29	*	34	*	43	47	*	*	55	58	63	*	67	*	*	70	*	85	87	
865	4	*	6	11	*	*	*	25	*	30	*	31	40	41	*	*	52	56	63	64	*	*	77	79	*	*	86	
866	1	9	*	10	*	*	20	*	22	32	36	*	*	*	46	*	50	51	69	*	*	*	72	78	*	82	83	
867	*	*	8	13	18	*	24	28	*	33	*	34	44	*	*	*	59	*	60	*	66	*	71	74	*	84	85	
868	*	*	5	12	15	*	21	27	*	*	*	38	42	49	*	54	58	*	61	*	62	*	*	70	*	87	90	
869	*	3	*	14	16	*	23	*	29	37	*	*	45	47	*	*	53	55	*	*	65	75	*	76	*	81	88	
870	2	7	*	17	19	*	*	*	26	35	39	*	43	*	48	*	57	*	67	*	68	*	*	73	*	80	89	
871	*	1	8	12	*	*	23	*	*	*	30	38	44	48	*	53	56	*	*	*	65	72	*	78	*	84	87	
872	7	*	*	15	18	*	20	*	22	34	37	*	*	42	49	*	58	*	64	*	68	*	*	71	*	83	86	
873	2	3	*	11	17	*	*	*	21	31	35	*	46	*	*	*	51	55	62	*	69	*	73	79	*	*	90	
874	*	*	6	10	16	*	26	27	*	33	*	36	40	*	*	*	54	59	66	*	*	*	75	76	*	81	88	
875	*	4	9	19	*	*	25	29	*	*	*	39	41	45	*	50	*	*	60	*	61	*	74	77	*	82	89	
876	*	*	5	13	14	*	24	28	*	*	*	32	43	47	*	52	57	*	63	*	67	*	*	70	*	80	85	
877	*	6	*	11	16	*	26	*	29	33	*	*	41	47	*	*	54	58	*	*	60	72	*	76	*	86	88	
878	*	4	*	13	14	*	24	*	25	32	*	*	44	49	*	*	53	57	61	*	64	*	70	79	*	*	83	
879	1	*	5	17	*	*	20	21	*	35	*	36	*	48	*	*	56	59	63	66	*	*	*	75	*	81	89	
880	3	*	9	12	*	*	22	23	*	30	*	38	*	40	46	*	50	*	68	69	*	*	*	77	*	84	85	
881	2	7	*	10	19	*	*	*	28	31	39	*	45	*	*	*	*	51	*	62	67	73	*	74	*	80	82	
882	*	8	*	15	18	*	*	*	27	34	37	*	42	43	*	52	*	55	*	*	65	*	71	78	87	*	90	
883	*	6	*	13	14	*	22	*	24	35	37	*	44	*	*	*	*	52	*	60	61	75	*	76	*	85	88	
884	*	*	1	16	18	*	20	28	*	*	*	30	43	48	*	51	57	*	*	*	67	73	*	74	*	89	90	
885	3	*	8	17	*	*	21	23	*	33	*	39	*	47	*	*	56	58	63	66	*	*	*	71	*	80	83	
886	*	*	9	10	11	*	25	27	*	*	*	36	41	45	*	53	55	*	64	*	65	*	*	79	*	86	87	
887	*	5	7	15	*	*	26	*	*	*	31	38	42	46	*	54	59	*	*	*	62	70	*	72	*	81	84	
888	2	*	4	12	19	*	29	*	*	32	*	34	*	40	49	*	50	*	68	69	*	*	77	78	*	*	82	
889	*	9	*	11	15	*	*	*	26	33	38	*	41	43	*	54	*	58	*	64	69	*	*	79	85	*	86	
890	*	*	6	13	14	*	20	22	*	31	*	39	42	*	*	*	50	57	65	67	*	*	70	77	*	*	89	
891	4	7	*	10	19	*	*	*	29	35	*	*	40	46	*	*	53	55	*	*	66	71	*	72	*	80	81	
892	*	2	8	17	*	*	24	25	*	32	*	34	45	*	*	*	56	*	61	*	68	*	73	78	*	88	90	
893	1	*	*	12	16	*	27	*	28	30	*	*	*	44	47	*	52	59	60	*	*	*	74	76	*	82	83	
894	3	*	5	18	*	*	21	23	*	36	*	37	*	48	49	*	51	*	62	63	*	*	*	75	*	84	87	
895	1	*	6	13	*	*	26	29	*	*	*	39	42	47	*	*	50	*	62	*	67	*	76	77	*	82	87	
896	*	4	*	11	17	*	20	*	25	32	38	*	48	*	*	*	54	59	*	*	61	75	*	78	*	81	86	
897	5	9	*	14	*	*	*	*	22	31	33	*	43	45	*	*	53	56	63	*	64	*	*	72	*	89	90	
898	8	*	*	10	18	*	27	*	28	36	*	*	*	40	41	*	55	58	60	69	*	*	73	79	*	*	85	
899	*	*	3	15	16	*	23	24	*	34	*	37	44	*	*	*	52	57	65	66	*	*	*	74	*	83	84	
900	*	2	7	12	19	*	21	*	*	30	*	35	46	49	*	*	51	*	*	*	68	70	*	71	*	80	88	
